"~id","~labels","destiny","name","icon","id","big_pic","quality","desc"
"2","Light_cones","巡猎","唯有沉默","https://uploadstatic.mihoyo.com/sr-wiki/2022/09/06/214441058/1bf2de267ae2cf2756933c74f7f5a7fd_1839914649064583617.png",66,"https://act-upload.mihoyo.com/sr-wiki/2023/04/23/214441058/836d26b9afc526416e1eeb16e87dd24e_7472614043952629802.png","四星","「已经到站了，不下车吗？」头顶传来一声轻笑。他的眼睛动了动，没有抬头。「事先说明，小三月总说你面无表情，我可不这么觉得。」「列车智库的数据有更新输入的痕迹，但是却没保存结果。」「所以...哪个条目还能难住你？」他捏紧了笔，看着笔记本上那个仅凭印象复写而成的惨烈之景。「原来如此，是关于你自己的事......」"
"15","Light_cones","智识","「我」的诞生","https://act-upload.mihoyo.com/sr-wiki/2023/04/23/288909604/f4d317263de340acdc8c16dd32bff0cf_3161238771766216041.png",196,"https://uploadstatic.mihoyo.com/sr-wiki/2022/08/29/75216984/1ec0d1ce4263c8cc1e2813d4d75c7727_8041628449201503368.png","四星","刚开始，它和上一幅画像中的姿势完全一致。她看着这张和自己一模一样的脸,认定这还不是她。「世上怎么可能会有两幅相同的画像呢?」她摆弄着它的关节，教它睁开眼，教它的手指变得更柔软。她满意地住了手。「和昨天截然不同，这才是今天的我。」"
"28","Light_cones","智识","别让世界静下来","https://uploadstatic.mihoyo.com/sr-wiki/2022/08/23/2563764/49d4e09db83b5210a9126f6185b60be6_4668910007538970935.png",200,"https://uploadstatic.mihoyo.com/sr-wiki/2022/08/23/2563764/e96dc849c5f4ecf75b5b1a5baab307ac_8492084169542483544.png","四星","她在台上挥着手，希望每个人跟着她一起发出自己的声音。不管是歌唱、呐喊、哀叹，以任何形式。发出自己的声音，直到有人听见，才会有人加入。「别让心冷了，变得和这个城市一样冷。」——别让世界静下来。"
"35","Light_cones","丰饶","一场术后对话","https://uploadstatic.mihoyo.com/sr-wiki/2022/08/26/214441058/50bca736f242b12981bc2d5b7fd32fa8_8738251059749981508.png",221,"https://act-upload.mihoyo.com/sr-wiki/2023/04/23/214441058/6aaba220593ca3eeb7464499d36bb607_5464502073708400711.png","四星","「你醒了...谢谢。」「你...救了我...娜塔莎。该说谢谢的人...是我。」「不，是我要感谢你......坚持到我完成手术。」 医生与病人疲惫地相视一笑，再也没有说话。"
"48","Light_cones","毁灭","秘密誓心","https://uploadstatic.mihoyo.com/sr-wiki/2022/08/29/75216984/e3c4f6a43e826c094d57dfd419ded965_6525176981100070009.png",222,"https://uploadstatic.mihoyo.com/sr-wiki/2022/08/29/75216984/759d8b438f5e850506d47b68b8a9c9b2_7893548240675079161.png","四星","每次出发前,男孩都要仔细地检查护肘和手套。那是他最钟爱的手套,它足够严实,可以藏起很多秘密。如此一来,没有人可以看见他手上的绷带，以及绷带下的伤口。大家把他当作一个普通人，普通地和他打着招呼。这就够了。"
"58","Light_cones","虚无","晚安与睡颜","https://uploadstatic.mihoyo.com/sr-wiki/2022/09/06/214441058/a20cea1a2fe68a4b997a7cc7a16fb796_2817300940510919170.png",224,"https://act-upload.mihoyo.com/sr-wiki/2023/04/23/214441058/1aa1995b3bd4e368aa7f2d103f641fc3_8982028545947536165.png","四星","静谧的灯光勾勒出尘埃的轨迹，平稳的呼吸里有少女香甜的梦呓。一个人影出现在她身后，悄无声息。「啧啧啧，果然还是摘掉眼镜比较可爱嘛。」吉他手端详着她的睡颜喃喃自语:「晚安，爱操心的天才少女。」"
"68","Light_cones","虚无","猎物的视线","https://act-upload.mihoyo.com/sr-wiki/2023/04/23/288909604/d14092f8f3967ed9135fd01b881f6701_6087540964279426418.png",225,"https://uploadstatic.mihoyo.com/sr-wiki/2022/08/23/2563764/519d12cd6e8b133a9608600715cdc4d3_1229185694821184541.png","四星","事实上，猎物多半不会意识到自己的处境。眼前的这个猎物也是如此。瞄准镜缓缓转动，男人仍自顾自地抛洒着一叠又一叠的纸钞。「看他那贪婪的样子，这点钱够我做几单生意了...怪不得有人要干掉他。」 像是听到了他心中的感慨，男人转过头来。「等你好久了，这些钱够不够让你听听我的条件再做决定?」"
"75","Light_cones","毁灭","鼹鼠党欢迎你","https://act-upload.mihoyo.com/sr-wiki/2023/04/23/288909604/dbfff3889135f0ab55da50781b7ea1b0_3070654287580623531.png",241,"https://uploadstatic.mihoyo.com/sr-wiki/2022/09/06/214441058/70fd1d7765d5dbb75bc3083d1fec8bdd_3880401756621979907.png","四星","「鼹鼠党，鼹鼠党」「我们马上出发！」「机智鼹鼠不怕不怕」「鼹鼠党，鼹鼠党」「鼹鼠党开始冒险！」"
"85","Light_cones","同谐","记忆中的模样","https://uploadstatic.mihoyo.com/sr-wiki/2022/09/06/75216984/76fb08a0a6d6b3c0eb758e444f46e7fe_6929962503724089309.png",242,"https://act-upload.mihoyo.com/sr-wiki/2023/04/23/214441058/b0fecd6f4d1555c027f2a4b94e08cedb_1267155061596806234.png","四星","官邸的桌上摆放着一张老相片，在远远的一角。偶尔目光落在上面，她总会不自觉地错开视线。记忆中的模样虽已远去，但今天的梦仍自萦绕。"
"95","Light_cones","同谐","与行星相会","https://act-upload.mihoyo.com/sr-wiki/2023/04/23/288909604/610b8d5d97ff6b19b4224ae4ce536b40_1274111712135333947.png",244,"https://uploadstatic.mihoyo.com/sr-wiki/2022/09/07/75216984/9ed500b8d525d0788bab07a811253fad_233385356504456129.png","四星","上路时，她仍然对这趟远行一无所知。只知道终于能告别家中的百舌之声，躲避无处不在的明枪暗箭。直到她望向窗外时，她终于明白了那首诗的意味。「在某个时刻之后，我们不再行走，而是飞翔。」而她眼中闪动的亮光，正是行星的倒影。"
"102","Light_cones","巡猎","于夜色中","https://uploadstatic.mihoyo.com/sr-wiki/2022/09/06/75216984/162b37d19e0022e2e08f16ccd6b4fc51_426963160968759967.png",268,"https://uploadstatic.mihoyo.com/sr-wiki/2022/09/06/75216984/82ef1c687d6edfe2ee618b5fd93d3a04_2521102988506160639.png","五星","少女露出一丝不易察觉的微笑。「为什么呢?」「此时此刻此地,明明只有我一个人......」「却感觉...很热闹呢。」"
"109","Light_cones","存护","余生的第一天","https://uploadstatic.mihoyo.com/sr-wiki/2022/08/23/2563764/828fc434f583b8e598a0c4db5984fa8b_1637464810330840430.png",271,"https://act-upload.mihoyo.com/sr-wiki/2023/04/23/214441058/3790405a8eb01b7cd0ffc5dead6b1dab_4117873808209626352.png","四星","「今天帕姆换上了新衣服，开心~喜欢~」「今天过生日啦，今年的我依旧可爱。」「今天我终于终于终于也有后辈啦！是不是，【开拓者】？」—次次不假思索地按下快门。是为了抓住当时的快乐？还是抓住当时的自己？"
"119","Light_cones","虚无","以世界之名","https://act-upload.mihoyo.com/sr-wiki/2023/04/23/288909604/5f1094f9d27a9d14ce09c20177cee0c2_6109047475532171012.png",273,"https://act-upload.mihoyo.com/sr-wiki/2023/04/23/214441058/c0fc509ede6df08d5078279eb3a8b849_2167918559250891406.png","五星","「瓦尔特...吗.......」「这个名字...很棒吧? 」「那么.......」「从现在开始，你就是瓦尔特了。」「律者的核心...还有守护这个世界的使命....」「就拜托你了，瓦尔特。」"
"126","Light_cones","巡猎","论剑","https://act-upload.mihoyo.com/sr-wiki/2023/04/23/288909604/e59a9461b4e9b49fef5cd161a58fe83c_7908377394686813154.png",316,"https://uploadstatic.mihoyo.com/sr-wiki/2022/08/26/214441058/172c2c11b85b3c8ad4a9acf839f1c822_8606791331388480799.png","四星","少女不解地比划着手中的细剑。自己的剑要双手才能挥舞，这样的剑也能算剑?这样的剑也能杀敌？剑的主人倒是对此毫不在意，毕竟——杀不杀敌又不在剑，全在心。用的重剑还是细剑，又有什么区别。"
"133","Light_cones","毁灭","天倾","https://uploadstatic.mihoyo.com/sr-wiki/2022/08/26/214441058/b6fd9a4431fd3e930b21bfda3884e95a_1116873662782404820.png",323,"https://act-upload.mihoyo.com/sr-wiki/2023/04/23/214441058/e84ab637e363175ea7d678892352b3e3_3516138276561254842.png","三星","自时光中凝取的稀薄力量。正是所有微不足道的刹那，编织成了壮绝的命运。「万物的消逝就像其诞生一样自然，时间冲刷之下，一切有形之物都将焚为劫灰。」"
"140","Light_cones","毁灭","乐圮","https://uploadstatic.mihoyo.com/sr-wiki/2022/08/26/214441058/4c21619d5c6da1b91cdf3988e4271e38_5136605109291904647.png",324,"https://act-upload.mihoyo.com/sr-wiki/2023/04/23/214441058/223e119396afe44301dde68232b8512c_7854955745460383686.png","三星","自时光中凝取的稀薄力量。正是所有微不足道的刹那，编织成了壮绝的命运。「有能力摧毁某样事物的人，才是它真正的掌控者。」"
"147","Light_cones","智识","灵钥","https://uploadstatic.mihoyo.com/sr-wiki/2022/08/26/214441058/aef0bcf91a7bc19eacdbbb840a566cd5_3616243833527089287.png",325,"https://act-upload.mihoyo.com/sr-wiki/2023/04/23/214441058/9cb5677a074df722b488720ce8ecc2bf_8275064371152790308.png","三星","自时光中凝取的稀薄力量。正是所有微不足道的刹那，编织成了壮绝的命运。「知识永远在那门后，而大门的钥匙也不由谁赏赐。谁最想要它，谁就能拥有。」"
"154","Light_cones","巡猎","锋镝","https://uploadstatic.mihoyo.com/sr-wiki/2022/08/26/214441058/3741c377b76d70d7ff7e1090322c5b6f_573968269338747080.png",326,"https://act-upload.mihoyo.com/sr-wiki/2023/04/23/214441058/23b0d1ac5499328a6bafc0498c7417c7_1402826591839647577.png","三星","自时光中凝取的稀薄力量。正是所有微不足道的刹那，编织成了壮绝的命运。「飞矢在弦、挽弓逐鹿的那一刻，猎人的双眸最为清澈。」"
"161","Light_cones","巡猎","离弦","https://uploadstatic.mihoyo.com/sr-wiki/2022/08/26/214441058/7a4ef77a86f3d9698162cbbf43ebe39b_1231368233417073474.png",327,"https://act-upload.mihoyo.com/sr-wiki/2023/04/23/214441058/5f214bfd4260a0cf002658905e77bb05_5284834608698703394.png","三星","自时光中凝取的稀薄力量。正是所有微不足道的刹那，编织成了壮绝的命运。「战事已经开始，必须给箭矢找到下一个目标。」"
"168","Light_cones","智识","智库","https://uploadstatic.mihoyo.com/sr-wiki/2022/08/26/214441058/db268078abf176b92761082c898c74f6_6324390636099990616.png",328,"https://act-upload.mihoyo.com/sr-wiki/2023/04/23/214441058/a2798cd2cc9f868243da57af81ecfb9e_7429983506208527254.png","三星","自时光中凝取的稀薄力量。正是所有微不足道的刹那，编织成了壮绝的命运。「人类行将灭绝。而图书馆会存在下去:青灯孤照，无限无动，藏有珍本，默默无闻，无用而不败坏。」"
"175","Light_cones","同谐","轮契","https://uploadstatic.mihoyo.com/sr-wiki/2022/08/26/214441058/6a590377472413e93bed8f254840ee95_8813678829921502533.png",329,"https://act-upload.mihoyo.com/sr-wiki/2023/04/23/214441058/3a4f8e49efa7c445c77e8360baaf5faf_2910680982602389413.png","三星","自时光中凝取的稀薄力量。正是所有微不足道的刹那，编织成了壮绝的命运。「没有比这更和谐的声响，人人各就其位，庞大的机器应声而动。」"
"182","Light_cones","同谐","齐颂","https://uploadstatic.mihoyo.com/sr-wiki/2022/08/26/214441058/a0e33307479d3d2f6c4052f87273742a_495707204067447655.png",330,"https://uploadstatic.mihoyo.com/sr-wiki/2022/08/26/214441058/e54d54147da0b49fbbc3d640bd10581b_8410881853480998016.png","三星","自时光中凝取的稀薄力量。正是所有微不足道的刹那,编织成了壮绝的命运。「合指为拳，众志成城。我献出自我，而后收获更高之物一一我们。」"
"189","Light_cones","存护","琥珀","https://uploadstatic.mihoyo.com/sr-wiki/2022/08/26/214441058/455562fd29b975988b00574be088a092_7038680443277840142.png",331,"https://act-upload.mihoyo.com/sr-wiki/2023/04/23/214441058/eab7d2491c6398e4ba9641f0965975d6_2809934686583291492.png","三星","自时光中凝取的稀薄力量。正是所有微不足道的刹那,编织成了壮绝的命运。「只有不受时光局限的事物，才能在时光中长生久传。」"
"196","Light_cones","虚无","渊环","https://uploadstatic.mihoyo.com/sr-wiki/2022/08/26/214441058/ee097daf30ac3b82ebfc402e86fdea16_8769133387003716326.png",332,"https://act-upload.mihoyo.com/sr-wiki/2023/04/23/214441058/e1c8209b74d643ddf6000acaf089e518_2991341020986122207.png","三星","自时光中凝取的稀薄力量。正是所有微不足道的刹那，编织成了壮绝的命运。「逃亡者试图摆脱过去的幻影，他以为这痛苦无人能懂。直到他抬起头，未来的自己正睁着可怖的双眼。」"
"203","Light_cones","虚无","幽邃","https://uploadstatic.mihoyo.com/sr-wiki/2022/08/26/214441058/1dd9868815d8d047e80eb8df7b26f44d_8650289934785145895.png",333,"https://act-upload.mihoyo.com/sr-wiki/2023/04/23/214441058/d2015574b914aa427b896489f468e5e1_5091647436959928616.png","三星","自时光中凝取的稀薄力量。正是所有微不足道的刹那，编织成了壮绝的命运。「他凝视着那轮空洞，它犹如在万物终末时高悬的漆黑太阳，又像是一张解答一切疑问的口——那张口说道:▊▊▊ ▊ ▊▊▊ ▊▊这答案无法以任何人类的语言诠释，却能被所有人听懂。」"
"210","Light_cones","存护","戍御","https://uploadstatic.mihoyo.com/sr-wiki/2022/08/26/214441058/9d5d6a13cdd3f37ec1dd786cffcef9a1_7171408403708928969.png",334,"https://act-upload.mihoyo.com/sr-wiki/2023/04/23/214441058/05fbac65966756f6ae75e83524a0be4c_3106027744759853905.png","三星","自时光中凝取的稀薄力量。正是所有微不足道的刹那,编织成了壮绝的命运。「城墙后坚强的民众，证明了防御也是一种取胜手段。」"
"217","Light_cones","丰饶","物穰","https://uploadstatic.mihoyo.com/sr-wiki/2022/08/26/214441058/ddf01515f63426ea04ae807e4c80bfbd_600220384768444495.png",335,"https://act-upload.mihoyo.com/sr-wiki/2023/04/23/214441058/50bd640d5f3b5ed2152d3504803424a5_2001192083417180762.png","三星","自时光中凝取的稀薄力量。正是所有微不足道的刹那，编织成了壮绝的命运。「生命就是有序度超越了某个阈值的存在。它的诞生便是对死寂宇宙的最终解答，宣告着古老混沌的时代一去不返。」"
"224","Light_cones","丰饶","嘉果","https://uploadstatic.mihoyo.com/sr-wiki/2022/08/26/214441058/e3a8b11095d09ffd30a384edb30c53e1_7115258679854828674.png",336,"https://act-upload.mihoyo.com/sr-wiki/2023/04/23/214441058/b3a98a31f4cecc22bab42aef447c2d3a_3748841858407363944.png","三星","自时光中凝取的稀薄力量。正是所有微不足道的刹那，编织成了壮绝的命运。「口渴时，万物总是甜的。J"
"231","Light_cones","丰饶","同一种心情","https://act-upload.mihoyo.com/sr-wiki/2023/04/23/288909604/3db1adccf735651ef7ad4f0471490221_8921754694445153737.png",360,"https://uploadstatic.mihoyo.com/sr-wiki/2022/09/06/75216984/b8acd322a9b14dd1eca7a897c7ca6775_6740596777600865059.png","四星","医生找到女孩时,她受了伤,却仍紧紧抱着停止运转的机器，口袋里装满了翻找来的各种零件。她赶紧把女孩带回了诊所,给伤口上好药。汗珠从脸颊旁滑落,女孩虽然一言不发，手却一刻不停。医生知道,此时女孩的眼中只有那台机器，就像自己面对着等待救治的病人。因此她没有出声安慰,也没有提醒她往后要小心一些，只是坐在女孩身边，静静陪伴着她。"
"241","Light_cones","同谐","但战斗还未结束","https://uploadstatic.mihoyo.com/sr-wiki/2022/05/31/77234787/0ff1702b1afcb8f1dc72beac5cfe6d6c_7815089831769904534.png",362,"https://act-upload.mihoyo.com/sr-wiki/2023/04/23/214441058/877f0fc7c2920e901dc27c9996919643_4662431852297315806.png","五星","「记住,和那些怪物的战争，是不能靠撤退打赢的。」「我们的身后就是贝洛伯格，我们就是最后一道钢铁防线，......」「只有我们，绝不能退!」她抬起头,前方是寒天，是冻土，是一望无际的风雪。一切如常。唯独那个她一直注视着的背影，不在了。"
"248","Light_cones","毁灭","无可取代的东西","https://uploadstatic.mihoyo.com/sr-wiki/2022/05/28/77234787/30141f0d649c2f16f6156a0f6a7d3500_3601729372944208751.jpg",384,"https://act-upload.mihoyo.com/sr-wiki/2023/04/23/214441058/342476924c7f81d95de48b2aac60f307_5956386407424996112.png","五星","「史瓦罗，如果有一天我也不在了，这个数据库就拜托你了。」(是谁...为什么我的记录里会有这样的留声.…....)「史瓦罗，你有什么觉得无可取代的东西么?」(无可取代...坏掉的零件...只要替换掉就好..….....)「史瓦罗,总有一天你会找到的。」(那种东西...只会是个麻烦.......)「到了那个时候…你就离开这里吧。」"
"255","Light_cones","存护","制胜的瞬间","https://act-upload.mihoyo.com/sr-wiki/2023/04/23/288909604/63f0526a33f937cba2e6a26c69a0453c_8940600272974158516.png",388,"https://act-upload.mihoyo.com/sr-wiki/2023/04/23/214441058/eac557fa94b8f53d2d7c2df6e46ae9f8_7449344295884046153.png","五星","「输了想哭就哭吧，杰帕德。」「但哭着也要站起来，直到你能赢过我...无论需要五年还是十年。」几年后,小男孩不再哭鼻子，也不再输给姐姐。如今在战场上，无论以何种姿态，骁勇无畏的银鬃铁卫戍卫官总会坚守至最后——只为找到彻底摧毁敌人的一瞬。"
"262","Light_cones","智识","银河铁道之夜","https://uploadstatic.mihoyo.com/sr-wiki/2022/08/26/214441058/c3eb2a5c631d5a9a6c8f0557daba1abc_6820284773822477586.png",390,"https://act-upload.mihoyo.com/sr-wiki/2023/04/23/214441058/0ed5566061c9d575663da752507b5335_4912868655881342050.png","五星","若是担心脚下，只需再度抬头凝望，当繁星温柔地注视，心已乘风而上。每一个念想，每一声低语。都化作生命中的承载，再不会失去。"
"269","Light_cones","存护","朗道的选择","https://act-upload.mihoyo.com/sr-wiki/2023/04/23/288909604/c3549f42391ed39528c223762a605612_6617000146091259338.png",419,"https://uploadstatic.mihoyo.com/sr-wiki/2022/08/26/214441058/b111d7cf145fbf34f556ac9dac23c71f_37578542572236982.png","四星","「听见没，明天不准去了！和几个平民混在一起能学些什么好的？」「但他们说的那些贝洛伯格故事，我都没听过...」她拉过还想辩解的弟弟，把他挡在身后。「你们是朗道的一员。特别是你，希露瓦，总有一天你也要做出选择。」她知道弟弟什么都没做错，但她不知道该怎么反驳。生了一天的闷气后，她暗自下定决心。「我会长大，总有一天我也能选择……」「我自己的选择。」"
"276","Light_cones","丰饶","暖夜不会漫长","https://act-upload.mihoyo.com/sr-wiki/2023/04/23/288909604/8aba345258d5e65a655026c57d367df6_8770046218708904591.png",541,"https://uploadstatic.mihoyo.com/sr-wiki/2022/10/29/26436641/a01a0505c0c8f1ee2d11fd3ff059bf0a_884644440175005767.png","四星","点一盏灯，捧一杯暖呼呼的巧克力，看着身旁的朋友。看着她阅读自己送的书和笔记。看着她露出平时见不到的笑容。在寒冷的夜晚，一点小小的幸福便能驱散寒意。"
"283","Light_cones","存护","这就是我啦！","https://act-upload.mihoyo.com/sr-wiki/2023/04/23/288909604/6bf95e149a50eb30aa73e55e6cac71ea_7771201821614161187.png",542,"https://uploadstatic.mihoyo.com/sr-wiki/2022/10/29/26436641/f6fec3ba19b50c4c795cc05adcaaedbd_7164205124647653667.png","四星","少女穿什么都很可人，但她似乎仍不满意，身后堆叠的衣服不下十几套。 「今天会是最后一次么？」她默默地想着，抬头看向镜中的少女，今天的她好像格外开心。「好啦！这就是我啦！」"
"290","Light_cones","虚无","后会有期","https://act-upload.mihoyo.com/sr-wiki/2023/04/23/288909604/1809d5835d8abf2027dc8054b57cce12_2838048902112011082.png",543,"https://uploadstatic.mihoyo.com/sr-wiki/2022/10/29/26436641/0cccfe7242043c1f8ae0e7458b298709_6491351911691847462.png","四星","她曾怀疑那是某种程式，不然怎会不知疲倦。但程式不会主动舍弃最优方案，绕过她布下的陷阱。「看来我们要打一场持久战。」 她打了个哈欠。「早点睡吧，有机生命应当珍惜梦境。」周围暗了下来。她突然惊醒，但数据的残渣已被扫去，烧毁，好像一场梦——除了那初尝失败的滋味是如此真实。"
"297","Light_cones","同谐","镂月裁云之意","https://act-upload.mihoyo.com/sr-wiki/2023/04/23/288909604/225f632897b42ade1feebc2c5c1262be_8333715399872944180.png",544,"https://uploadstatic.mihoyo.com/sr-wiki/2022/10/29/26436641/3212c7f5e72ad37e3073948e7b4afb10_5989305173843250956.png","四星","他一眼便相中了那件金器，正要买下，狐人少女却将他拉入一隅，悄声说到： 「请恩公晚上再光临本铺，到时再做决定不迟。」夜晚，他如约而至。开门的又是那狐人少女，盈盈一笑。「请恩公随我来。」只见一线月光刻入錾金盘底。工匠以线条之深浅勾勒花瓣的深浅，若非在月光之下，便看不真切这一毫一厘。他这才想起，这件器物为何名为「镂月裁云。」"
"304","Light_cones","智识","早餐的仪式感","https://act-upload.mihoyo.com/sr-wiki/2023/04/23/288909604/78969b6e9fdd78edd914a97568b562b9_323702472035878845.png",545,"https://uploadstatic.mihoyo.com/sr-wiki/2022/10/29/26436641/9dd2b3d3247d1c1146850b74ccd9407f_1416484948335056980.png","四星","虽然餐桌已经摆好……有人要先喝一杯红茶；有人要先拍一张照片；有人要先读一份报纸；有人要先记一页笔记；有人要先玩一会手机；「都给我趁热吃帕！」"
"311","Light_cones","智识","今日亦是和平的一日","https://act-upload.mihoyo.com/sr-wiki/2023/04/23/288909604/4ca74a16203b5fa8ea1406a1f420a6f0_4391146475806241313.png",546,"https://uploadstatic.mihoyo.com/sr-wiki/2022/10/29/26436641/2fd4b45d96d99d7d997f9f8a3fa3c1ed_4816142792595223519.png","四星","牌戏的新玩法刚有眉头，午休又借了藏书。掐指一算余下的工作慢慢做，正好能做到下班。她不慌不忙，躲入一隅。美好的闲散时光，绝不能被任何人打扰——就算是符太卜也不能。只是万一，要是有个万一……「就把这奶糖团子给符太卜。吃了甜食，总该消气罢！」"
"321","Light_cones","巡猎","重返幽冥","https://uploadstatic.mihoyo.com/sr-wiki/2022/10/29/26436641/16f9a030ed7fe854f3fffbecdac8a789_688821343271629863.png",547,"https://act-upload.mihoyo.com/sr-wiki/2023/04/23/214441058/d11e5a438127da770a60c92a7f43c0b3_5500736395832561410.png","四星","棺内漆黑一片，她能听见姐姐所听见的。如今在姐姐身边，她却什么都听不见。只有心底的声音越来越响。「姐姐的身体冷冷的。」 「姐姐的身体不会动。」 愤怒的潮水将她淹没，义无反顾，她已来不及想起——「姐姐的身体，很早以前就是冷的了。」"
"328","Light_cones","毁灭","汪！散步时间！","https://uploadstatic.mihoyo.com/sr-wiki/2022/10/29/26436641/fbf6fc9ad6370ee4085e3cd4cab4aa82_7383214087904933952.png",548,"https://act-upload.mihoyo.com/sr-wiki/2023/04/23/214441058/24f5e7142abe6d1150f8761f4b456af7_5531337250244724620.png","四星","可惜没人看到…看到它抽鼻子，四处嗅嗅，钻入无人的小路。可惜没人看到…看到它收起爪子，按下密码，投入自由的怀抱。可惜没人看到…一只成熟的小狗，早就学会自己去太空散步了！"
"335","Light_cones","毁灭","无处可逃","https://act-upload.mihoyo.com/sr-wiki/2023/04/23/288909604/4b55a4ec5d69e1e272b79849d6472238_1594405313874389868.png",549,"https://uploadstatic.mihoyo.com/sr-wiki/2022/10/29/26436641/a62d61c390c5cd6b86e762007e4d16a8_4882275813908161920.png","四星","他并非第一次见到这个男人。不知从何时起，男人就像他身下的一道阴影。无论以长枪贯穿多少次，总会再次出现。他不会输，但也赢不了。他想逃，但也无处可逃。"
"342","Light_cones","同谐","调和","https://act-upload.mihoyo.com/sr-wiki/2023/04/22/103492603/4256ba1c0a919e369ead3b0eb9584f97_132881214849310263.png",550,"https://act-upload.mihoyo.com/sr-wiki/2023/04/22/103492603/cd154c556a53c6ec822168ff66d26377_272095412440610487.png","三星","自时光中凝取的稀薄力量。正是所有微不足道的刹那，编织成了壮绝的命运。「还有什么比消除不谐音律更愉快的事么。」"
"349","Light_cones","虚无","匿影","https://act-upload.mihoyo.com/sr-wiki/2023/04/22/103492603/c12a85671c8615f396cb25d5a300a3bf_2155787248353687245.png",551,"https://act-upload.mihoyo.com/sr-wiki/2023/04/22/103492603/9c28473329ceaeb38062472ac9ee4faf_830316643183439369.png","三星","自时光中凝取的稀薄力量。正是所有为不做到的刹那，编织成了壮绝的命运。「虚无也许会找到我们，但它很可能不会。」"
"356","Light_cones","存护","开疆","https://act-upload.mihoyo.com/sr-wiki/2023/04/22/103492603/0478a6b7a63534e7051a037edf6efa43_2902336058745709661.png",552,"https://act-upload.mihoyo.com/sr-wiki/2023/04/22/103492603/68d74cab85ed3b18d0af53a7153789ff_5243782486011040906.png","三星","自时光中凝取的稀薄力量。正是所有微不足道的刹那,编织成了壮绝的命运。「无依无靠时日已洛场，公司将与诸位携手相助。」"
"363","Light_cones","丰饶","蕃息","https://act-upload.mihoyo.com/sr-wiki/2023/04/22/103492603/4ebe95ba0b652249d4df240a2c9e42e7_7231210955498652445.png",553,"https://act-upload.mihoyo.com/sr-wiki/2023/04/22/103492603/4226405046091948332f5652b63561ce_480292217457945874.png","三星","自时光中凝取的稀薄力量。正是所有为不做到的刹那，编织成了壮绝的命运。「当生命失却意蕴时，请继续赐以生命。」"
"370","Light_cones","智识","睿见","https://act-upload.mihoyo.com/sr-wiki/2023/04/22/103492603/fbd5a54695e361b18e21554b7be7ec00_267654002039095312.png",554,"https://act-upload.mihoyo.com/sr-wiki/2023/04/22/103492603/9294ce18107c75c57fdf076b1e98858c_4510296046294745146.png","三星","自时光中凝取的稀薄力量。正是所有微不足道的刹那，编织成了壮绝的命运。「智慧之人如果无法抛弃人的身份，则会被智慧抛弃。」"
"377","Light_cones","巡猎","相抗","https://act-upload.mihoyo.com/sr-wiki/2023/04/22/103492603/a3d3d6e0b655d58e10752fa296219822_7441016946411320344.png",555,"https://act-upload.mihoyo.com/sr-wiki/2023/04/22/103492603/3ad509d6a35642db99215e75e0ffc904_1118416533808255761.png","三星","自时光中凝取的稀薄力量。正是所有微不足道的刹那，编织成了壮绝的命运。「为自由而战的人不会死，他的故事将被永远传唱。」"
"384","Light_cones","毁灭","俱殁","https://act-upload.mihoyo.com/sr-wiki/2023/04/22/103492603/e96e55825c223bc667c2f995e09e5a13_797242412374073605.png",556,"https://act-upload.mihoyo.com/sr-wiki/2023/04/22/103492603/61ccd338522dbd2fd811b67fb7328f62_1524050847832944374.png","三星","自时光中凝取的稀薄力量。正是所有微不足道的刹那，编织成了壮绝的命运。「如何使星球的过往更完美？现在，立刻，撕碎他。」"
"391","Light_cones","巡猎","如泥酣眠","https://act-upload.mihoyo.com/sr-wiki/2023/04/23/288909604/726272cbc5eb8f4a3b208d64d6dd87ec_705272260518831196.png",566,"https://act-upload.mihoyo.com/sr-wiki/2023/04/23/214441058/852c6e73eaa519a1aecd22ec7b8b3219_5460493121933647197.png","五星","即使已在将军的肩头酣然睡去，男孩的手中仍紧紧握着剑。他轻轻拍了拍男孩的脸颊,只听到他嘟囔着。「将军...终于...我赢了......」他愣了愣，突然意识到相比起每天都在努力成长的男孩，自己早已度过了漫长的岁月，也早已习惯「不变」。「很快，你就会赢过所有人。在那之后，才是开始…...」"
"398","Light_cones","丰饶","时节不居","https://act-upload.mihoyo.com/sr-wiki/2023/04/23/288909604/64e8d547966025e215a7c9c1dac8e64d_3092683375285531384.png",567,"https://act-upload.mihoyo.com/sr-wiki/2023/04/22/214441058/f07c8391a0a681e71c28f40a213cf135_2056605902862788549.png","五星","配制薄荷、荆芥等辛温之药时，窗外就开花了。配制香薷、生姜等辛热之药时，窗外就下雨了。配制芍药、乌梅等酸温之药时，窗外就落叶了。配制黄芩、知母等苦寒之药时，窗外就飘雪了。时节不居，岁月如流，但这扇窗，坐在窗边的人，依旧未变。"
"405","Light_cones","毁灭","记一位星神的陨落","https://act-upload.mihoyo.com/sr-wiki/2023/04/22/288909604/b09189c0e990c26c6caf94e9d6dd35e5_7638206982336402466.png",844,"https://act-upload.mihoyo.com/sr-wiki/2023/04/22/109341043/0ded89b7496af270320053abc9c09ec9_1394540168222336303.png","五星","从一道光开始。祂们坠落，陨灭的威胁居高临下。祂们不得不停止自我复制，争先恐后拥抱彼此，试图用繁殖的权利为代价，换取生存的可能。祂们携手，从未如此团结———但命途戛然而止，祂们趋向真正的死亡。"
"412","Light_cones","毁灭","在蓝天下","https://act-upload.mihoyo.com/sr-wiki/2023/04/22/288909604/edbad0db7164d3ed5b91cb82f14b49d1_5045667464515306732.png",845,"https://act-upload.mihoyo.com/sr-wiki/2023/04/22/190590294/d67388f9843f21083cb3bf9a8bdb2f64_3279240515286845868.png","四星","蓝天下的麦浪阵阵摇荡，少女精心编织着花环，戴在最亲爱的妹妹的额头上。那时的她们还一般高,那时的她们仍那样笑。"
"419","Light_cones","丰饶","此时恰好","https://act-upload.mihoyo.com/sr-wiki/2023/04/22/288909604/cebc57824ec7eb94eaf4a6452947ee32_5492151004671579728.png",846,"https://act-upload.mihoyo.com/sr-wiki/2023/04/21/190590294/896a2fb6f017607b7b978070ee678643_6568596473374129261.png","四星","街道熙攘，他走着，阳光跟着。他停了脚步，挑了纸伞，乘了阴凉——也遮了那一道目光。"
"426","Light_cones","丰饶","等价交换","https://act-upload.mihoyo.com/sr-wiki/2023/04/22/288909604/a9d87580313873c772687a036d957ca5_3653850924610670993.png",847,"https://act-upload.mihoyo.com/sr-wiki/2023/04/21/190590294/f22451e072ebc5e67909865f4ce366d3_426571450703052229.png","四星","在享受完龙女使出一身雷劲的按摩后，狐人少女伸出手，捏了捏她的脸蛋。看着小人儿气鼓鼓地嘟起嘴，她媚然一笑。「等价交换嘛。」"
"433","Light_cones","存护","宇宙市场趋势","https://act-upload.mihoyo.com/sr-wiki/2023/04/22/288909604/71383f84afd4c9ae9e8361990759d61e_8674612763222669427.png",848,"https://act-upload.mihoyo.com/sr-wiki/2023/04/21/190590294/6e769fff537c628e28a66cd3666d25dd_6572504730524862022.png","四星","星球的价值正在被重新计算.....「这个项目是否会说明，追回债务的益处是相互的？」「但我们只需传达一个信息，就是宣告我们的存在。」「它若是要有自己的价值，就得为公司增添价值。」"
"440","Light_cones","存护","我们是地火","https://act-upload.mihoyo.com/sr-wiki/2023/04/22/288909604/a3c94615c5c25002ef33ecfcdc6186be_7184778651654550338.png",849,"https://act-upload.mihoyo.com/sr-wiki/2023/04/21/190590294/7ddcab96a3de607190b140b27fe74200_7685487075537638728.png","四星","她习惯了人们失去家园，也习惯了人们失去生命，但一个人时，哭泣也无用。「系上这条红丝巾，分担彼此痛苦。」「我们是一家人...我们是地火。」当宽阔的手掌抚上她的脑袋，她终于忍不住掉下眼泪。"
"447","Light_cones","虚无","延长记号","https://act-upload.mihoyo.com/sr-wiki/2023/04/22/288909604/838b0886fdb11e38b54490d751914e41_2370994718955175697.png",850,"https://act-upload.mihoyo.com/sr-wiki/2023/04/21/190590294/1737912e78f67592193d5fa40b67a463_5661527409774436856.png","四星","唱片转呀转呀，嘶哑的叫喊被热气浸润。她看似毫无防备，沉醉在迷人的旋律中；先由恳求与期待引入，再是激烈真挚的倾诉，跃过一个又一个高潮...直到唱片停转，嘶哑的叫喊也失了声息。「任务结束。」"
"454","Light_cones","同谐","舞！舞！舞！","https://act-upload.mihoyo.com/sr-wiki/2023/04/22/288909604/9c8d4f8da446954874b644635d504f3b_6094276680035098823.png",851,"https://act-upload.mihoyo.com/sr-wiki/2023/04/21/190590294/181565d7e2c686bd7aaccec8bfc9bb55_8230667590652093472.png","四星","「为什么虎克不能像克拉拉一样跳舞转圈圈呢….」她握紧拳头，嘟囔起嘴，圆乎乎的面颊被毛毡帽烘得红润。「史瓦罗先生，可以帮帮虎克么？」不苟言笑的大机器人，一言不发地伸出机械手。「要、要转晕啦！！可恶...快放我下来！」"
"461","Light_cones","同谐","过往未来","https://act-upload.mihoyo.com/sr-wiki/2023/04/22/288909604/01129be5ad37b37856d7a4aaea06c29d_6320351344614159741.png",852,"https://act-upload.mihoyo.com/sr-wiki/2023/04/21/190590294/af355d969fbe5c92ae12c2bfbd5839be_8118120476975482301.png","四星","手中的纸鸢双翼折断，就如那最珍贵之人的陨落。她跪坐在战火里,眼里满是悲伤。「如果只能被你所救，那我们的牺牲...」炮火染红天际，苍穹依然宏伟。她抬头望向天空，眼里满是愤怒。"
"468","Light_cones","虚无","决心如汗珠般闪耀","https://act-upload.mihoyo.com/sr-wiki/2023/04/22/288909604/ca00ba5d7f3617459cd41e61608562bc_7845648197473643507.png",853,"https://act-upload.mihoyo.com/sr-wiki/2023/04/21/190590294/dafe05672b942e7009fe8315dec8c7b1_6012178700884627874.png","四星","拳台灯光闪耀，却闪耀不过从背脊间滑落的汗珠。他早已决心用自己的双拳守护重要的人们。而给予他决心的，也正是他们一—不管是台上台下，都站在他的背后。"
"475","Light_cones","巡猎","点个关注吧！","https://act-upload.mihoyo.com/sr-wiki/2023/04/22/288909604/44d587d770c0f03dd12ca658032ff4c8_6929037495728953851.png",854,"https://act-upload.mihoyo.com/sr-wiki/2023/04/21/190590294/ac18039651abe3f71ec7a6d06d2b32c6_7944063559556118305.png","四星","「嗨——嗨——！观众老爷们,这里的信号畅通吗？」橙发少女兴奋地喊着，对着镜头笃悠悠举起锤子。「大家一见过少女胸口碎大石吗！」「我当云骑军可不是为了做这种事啊！」褐发少女眼冒金星，橙发少女狡黠一笑。「拜托啦一一这也是助人为乐啊！」"
"482","Light_cones","巡猎","春水初生","https://act-upload.mihoyo.com/sr-wiki/2023/04/22/288909604/bcd7b3372f476de893cd6d38a80f3062_4333793480843184090.png",855,"https://act-upload.mihoyo.com/sr-wiki/2023/04/21/190590294/bebd7fece01ec5225adf9dd4d0fba058_4396136081602162222.png","四星","练剑的少年稍事歇息。阳光烘着他微热的脖颈,缓缓入水，没过脚边时，虽是凉的，但铃铛叮铃，飞鸟啁啾，远方的人们知是春天到了。"
"489","Light_cones","智识","天才们的休憩","https://act-upload.mihoyo.com/sr-wiki/2023/04/22/288909604/8bb693e0234353b7257c10c4fa5ba525_7746589046831229.png",856,"https://act-upload.mihoyo.com/sr-wiki/2023/04/21/190590294/ca3c0943620e4b8f44e33ca6cec98691_7181495111385452663.png","四星","她点了点那碧绿色的团子。「实验结束，该休息了。我不能错过刚出炉的时令点心。」她看到人偶少女皱起眉头沉思。「你先用这具身体看看便好，回头给你捎上一盒。」她看到机械贵族面露难色，端起杯子。「放心吧，那是机油。」"
"496","Light_cones","巡猎","星海巡航","https://act-upload.mihoyo.com/sr-wiki/2023/04/23/288909604/a620e0d780a7221f9af3329057008d8d_7467053012403055548.png",870,"https://act-upload.mihoyo.com/sr-wiki/2023/04/22/109341043/dd555a2789f169809da33e04a598170d_1524765041085396726.png","五星","来往于星海之间，祂的速度有如虹霓闪光的一瞬。围追不死孽物，揽寻幻宝解药，寻求解脱之途。祂的航程将犹如永不被打破的誓言般，永无尽头。"
"503","Light_cones","存护","记忆的质料","https://act-upload.mihoyo.com/sr-wiki/2023/04/23/288909604/6c9a00848e84decbbb3fd8f4f67b8b9c_2727185627475096382.png",871,"https://act-upload.mihoyo.com/sr-wiki/2023/04/23/109341043/f75d18458d7be02e21525554fba02f87_5359975166737387017.png","五星","宇宙像一片堆满垃圾的生荒地。偶有琳琅，无人捡拾。祂翻阅往日的罅隙，拣选记忆的种子--新的生命要是萌芽，它的种子须是死的。粉色、蓝色、白色的宝石被带了来，在祂的苗圃中轻盈闪烁，但宇宙依旧寂静如谜。"