"~id","~labels","name","icon","id","type","desc","quality"
"4","Material","铁卫扣饰","https://uploadstatic.mihoyo.com/sr-wiki/2023/03/04/190590294/6f9519e9cb9b46e82cc4cff4919ebabc_2954580580308164034.png",134,"角色晋阶材料","银鬃铁卫士兵佩戴的扣针徽章。强化所需的简单材料。 风霜刮蚀下满是磨痕。 「在古老的年代，银鬃铁卫只有一种退休的形式：那就是死亡。」","二星"
"6","Material","猎兽之矢","https://uploadstatic.mihoyo.com/sr-wiki/2023/03/09/187636729/ab043127539d6ec2f8861da56f95ace3_5829921949353109106.png",129,"行迹材料","仙舟匠人以星间寒铁锻造的箭头。可小幅提升巡猎角色的命途行迹。 在行成年礼时，父母们将它赠予狩猎了人生中第一头猎物的少年少女们，期许他们的生命如离弦之矢，终能中的。 「愿腰间箭，匣中剑，不空蠹。」","二星"
"8","Material","屠魔之矢","https://uploadstatic.mihoyo.com/sr-wiki/2023/03/09/187636729/06b040df32e975b23f6aa6decefeade1_6152916111527137663.png",286,"行迹材料","仙舟匠人以星辰天瑛精心锻造的箭头。可中幅提升巡猎角色的命途行迹。  「天上谪仙来，乘槎渡星海。飞矢坠急雨，明盔映月白。」","三星"
"9","Material","铁卫军徽","https://uploadstatic.mihoyo.com/sr-wiki/2023/03/04/190590294/2ad04c3c626ce57cfaef75827f3f9427_8685476797685454281.png",383,"角色晋阶材料","银鬃铁卫队长佩戴的军衔标志。强化所需的普通材料。 也许是在家人面前夸耀的证明，也许是挡住子弹的幸运符。 「时代变了。」","三星"
"12","Material","逐星之矢","https://uploadstatic.mihoyo.com/sr-wiki/2023/03/09/187636729/5c7fe6ac1ecedbb7e90c81e43fc8f12a_288050265048154988.png",279,"行迹材料","帝弓司命射出的倾天光矢的碎片。可大幅提升巡猎角色的命途行迹。  无缘不可目睹的神迹残余。超逸光年，击破天星，人们只能从光矢留下的余烬中追想其力量。 也只有仙舟的工匠首领百冶才有资格将碎片重铸，赠予功业盖世的大英雄。 「星裂天倾，光昭万古。」","四星"
"13","Material","铁卫勋章","https://uploadstatic.mihoyo.com/sr-wiki/2023/03/03/190590294/ba37b1df420041569969b9083c2d76cd_248814200082319820.png",382,"角色晋阶材料","功勋铁卫佩戴的军功章。强化所需的高级材料。 对抗裂隙魔物，地底人和突发灾变后颁授的荣誉证明。 它往往不在获勋者的胸膛上，而是摆在他的棺椁上。 「它不是玩具，小杰。记好了：这是朗道家族的使命，是朗道家族的血。」","四星"
"17","Material","古代零件","https://uploadstatic.mihoyo.com/sr-wiki/2023/03/03/190590294/c6fe07c33653d6f6d5bbdf8c3b414c2b_3532806921450131048.png",136,"角色晋阶材料","旧世界时代遗留的机器零件。强化所需的简单材料。 尽管体积微不足道，却以如今的人们难以重现的技术铸造打磨而成。 「旧世界的一颗小螺丝都比我们的盔甲结实。 」","二星"
"19","Material","灵感之钥","https://uploadstatic.mihoyo.com/sr-wiki/2023/03/09/187636729/cd7ca55484cad011043a5d282f58e8c5_1250601579558821782.png",43,"行迹材料","出现在苦思学者手中的幻之钥匙。可小幅提升智识角色的命途行迹。 可以解锁被封存在意识深处的灵感。 抓住钥匙，即是抓住了思维中蹿闪的火花，照亮了前进的道路。 「尤里卡！」","二星"
"21","Material","启迪之钥","https://uploadstatic.mihoyo.com/sr-wiki/2023/03/09/187636729/494e711c5d14aefc89e62bd8af872d1d_3436335744987584316.png",285,"行迹材料","出现诸界智者手中的幻之钥匙。可中幅提升智识角色的命途行迹。 能够打开囚禁了真理的谜题之锁，寻获人智难以领悟的启迪。 无论持有者如何展示证明，身边的人却看不见钥匙的存在。有人相信这是上天的垂怜，有人认为这是精神失常的先兆。 「我做了一个梦，梦见分子们如蛇般盘起，首尾相衔。醒来后才意识到，这不是我一直在找的答案吗？」","三星"
"22","Material","古代转轴","https://uploadstatic.mihoyo.com/sr-wiki/2023/03/03/190590294/fbde38ed82a0540c810e64c07dec9a48_8268924113225348716.png",180,"角色晋阶材料","旧世界时代遗留的机器传动轴。强化所需的普通材料。 精密结合的机件一旦拆开就再也无法复原，即使贝洛伯格技术部的维修老手也不敢轻易动它。 「笨蛋，这东西交给蓝甲人才值几个罐头？拿去给史瓦罗大佬，保你吃穿不愁。」","三星"
"25","Material","智识之钥","https://uploadstatic.mihoyo.com/sr-wiki/2023/03/09/187636729/b6f5a3e76d68417afdd7e51687c852a4_7780295946353137227.png",278,"行迹材料","出现在银河顶级天才手中的幻之钥匙。可大幅提升智识角色的命途行迹。 此为受邀请者的证明，能够开启智识殿堂的门扉。 钥匙就在手中，但寻到它能开启的大门却比得到钥匙更为艰辛。穿越门扉之人会意识到，一经踏入将再也没有回头的可能。 「智识不能告诉你宇宙的答案，但智识能让你明白如何提问。」","四星"
"26","Material","古代引擎","https://uploadstatic.mihoyo.com/sr-wiki/2023/03/03/190590294/2a156a923e18f13a67d2c7e9dd71787e_5727976405006145355.png",179,"角色晋阶材料","旧世界时代遗留的机器引擎。强化所需的高级材料。 以地髓为能量注入动力，运转时喷燃的并非火星，而是游走的极光。 「只有执政官直属的技术部有权调阅旧世界的资料，我嘛，被开除后就进不去啦。」","四星"
"37","Material","熄灭原核","https://uploadstatic.mihoyo.com/sr-wiki/2023/03/04/190590294/8585e5f716ab28ac9330369a910fd3c5_7986552310968932910.png",51,"角色晋阶材料","裂界中徘徊怪物的心脏。强化所需的简单材料。 就像孳生恶瘤的病灶，引致罪行的冲动，它是裂界扭曲的源头。 在沉重的打击下，这颗心脏已然停止搏动，失去了光泽。 「初步判定它是某种杂交产物：一半原体，另一半的数据与星核高度拟合——生物科，莎拉·卡斯特罗」","二星"
"39","Material","丰饶之种","https://uploadstatic.mihoyo.com/sr-wiki/2023/03/09/187636729/44e55235cf9017e2095d87fa5b897d87_8417148024016535219.png",50,"行迹材料","丰饶之神撒下的赐福种子。可小幅提升丰饶角色的命途行迹。 接触到它的人，伤口和疾病会缓缓治愈。与绝望中祈求生命赐福的人们，总能获得垂怜。 「令诸所求，必有所得。」","二星"
"41","Material","生命之芽","https://uploadstatic.mihoyo.com/sr-wiki/2023/03/09/187636729/23006131327221e4b88a77e22f069001_5124315611884345386.png",281,"行迹材料","自丰饶之种中冒尖的嫩芽。可中幅提升丰饶角色的命途行迹。 「凡胎育化，生生不竭。」","三星"
"42","Material","微光原核","https://uploadstatic.mihoyo.com/sr-wiki/2023/03/04/190590294/fe160a20c63810aa31a6797a791e1ecb_8253241673895578689.png",199,"角色晋阶材料","裂界中徘徊的怪物的心脏。强化所需的普通材料。 就像孳生恶瘤的病灶，引致罪行的冲动，它是裂界扭曲的源头。 这颗心脏已然闪着微光，其上的纹路仍有生命力。 「这究竟是什么怪物？你看见了吗——那是上一任队长的脸，是他的脸！」","三星"
"45","Material","永恒之花","https://uploadstatic.mihoyo.com/sr-wiki/2023/03/11/190590294/4ba4937ae825241f7420e8ef2fb202c9_552677010288333627.png",274,"行迹材料","由生命之芽结出的美丽花朵。可大幅提升丰饶角色的命途行迹。 花蕊中凝结了丰饶之力，永远不会凋零。无论将之置于火焰、冰霜或是诸般恶境中，也不能稍抑其生长的势头。 假以时日，其枝叶将以星光为食；其根系将以众生血肉为壤，连结一体，不死不灭；其果实将是兑现永生的承诺。 「有庞然舟舸，势逾山岳，凌虚浮行。上有不死树，食之乃寿。」","四星"
"46","Material","蠢动原核","https://uploadstatic.mihoyo.com/sr-wiki/2023/03/04/190590294/dbb8820ef95aa1dda7bf8b348aa9f223_3001372201495844379.png",381,"角色晋阶材料","裂界中徘徊怪物的心脏。强化所需的高级材料。 就像孳生恶瘤的病灶，引致罪行的冲动，它是裂界扭曲的源头。 这颗心脏依然缓缓律动，其力量残留，必将引发新的灾难，为恐再生事端，最好尽快将它灭活处理。 「就像癌变......」","四星"
"51","Material","破碎残刃","https://uploadstatic.mihoyo.com/sr-wiki/2023/03/03/187636729/293f9de1b9d70f0e6694eba235dd3731_5517940245226584428.png",139,"行迹材料","反物质军团成员遗落的武器碎片。可小幅提升毁灭角色的命途行迹。 这柄武器代表着其主人在军团中的位阶和「毁灭」的功业。 「持此刃者，受命摧毁列国。 」","二星"
"53","Material","无生残刃","https://uploadstatic.mihoyo.com/sr-wiki/2023/03/11/190590294/5e49e3db9c5d47d130dcfd9d0071e06b_8758643755104884366.png",287,"行迹材料","反物质军团成员遗落的武器残锷。可中幅提升毁灭角色的命途行迹。 这柄武器代表着其主人在军团中的位阶和「毁灭」的功业。","三星"
"56","Material","净世残刃","https://uploadstatic.mihoyo.com/sr-wiki/2022/09/01/2563764/3bc226be35c97aaa90239777c16dbe67_2352879305112629616.png",280,"光锥晋阶材料","反物质军团成员遗落的残损武器。可大幅提升毁灭角色的命途行迹。 这柄武器的主人负责在战争尾声时登场，点燃劫火焚烧世界。无论受何方神明眷顾，无论曾拥有何等辉煌的基业，这颗星球终将如同熄灭的炭烬，在星空深处暗淡死去。","四星"
"61","Material","黯淡黑曜","https://uploadstatic.mihoyo.com/sr-wiki/2023/03/09/187636729/e3f5910904c45e4de2f6081fcf7901cf_8071151320814886069.png",141,"行迹材料","一片自虚空中捕获的黑质。可小幅提升虚无角色的命途行迹。 任何手段都无法验明它的本体。 轻轻触碰，从碎片中传来不明的呓语。 「▉▉▉▉ ▉▉ ▉ ▉」","二星"
"63","Material","虚空黑曜","https://uploadstatic.mihoyo.com/sr-wiki/2023/03/09/187636729/f7a292206fb5cb0269b78ed6aeb3f462_5095284322017804350.png",283,"行迹材料","一块自虚空中捕获的黑质。可中幅提升虚无角色的命途行迹。 漆黑的棱面上甚至反射不出任何倒影。它不仅吸收着光，似乎还夺走了持有者的情绪起伏，只留下淡淡的空洞感。 「......」","三星"
"66","Material","沉沦黑曜","https://uploadstatic.mihoyo.com/sr-wiki/2023/03/09/187636729/0ccd56d2cf73863a9bc5e660d4e41023_1997260432836873904.png",276,"行迹材料","一整块自虚空中捕获的黑质。可大幅提升虚无角色的命途行迹。 意志薄弱之人只是向其棱面送去一瞥，便会在混沌中永世沉沦。 「     」","四星"
"77","Material","掠夺的本能","https://uploadstatic.mihoyo.com/sr-wiki/2023/03/04/190590294/fed20cc1d11dfbcda98063a0051affe7_7696606365758858469.png",77,"角色晋阶材料","微弱的反物质，强化所需的简单材料。 由虚卒·掠夺者体内溢散出微弱反物质，如同破坏本能的具现化。 「它们都在期许着湮灭之刻，与世界一同炼铸、同化。」","二星"
"80","Material","篡改的野心","https://uploadstatic.mihoyo.com/sr-wiki/2023/03/04/190590294/3e3d20c526167d04f081502b7fe020fd_2882335835757163640.png",208,"角色晋阶材料","稀薄的反物质,强化所需的普通材料。 漂浮在虚卒·篡改者周身的的稀薄反物质，正反粒子于此达成了危险的平衡。。 「它们都在期许着湮灭之刻，与世界一同炼铸、同化。」","三星"
"83","Material","践踏的意志","https://uploadstatic.mihoyo.com/sr-wiki/2023/03/04/190590294/626f477f362825cb1bd70d33bda8fe0a_1201597659807529696.png",250,"角色晋阶材料","凝缩的反物质，强化所需的高级材料。 虚卒•践踏者体内高度浓缩的反物质，湮灭之刻正是文明毁灭的号角。 「它们都在期许着湮灭之刻，与世界一同炼铸、同化。」","四星"
"88","Material","谐乐小调","https://uploadstatic.mihoyo.com/sr-wiki/2023/03/09/187636729/a5a534c3bc3bc3e1da29c2f8b64c3912_2587858921966115666.png",165,"行迹材料","不知由谁制作的小巧音乐盒。可小幅提升同谐角色的命途行迹。 播放着轻松欢脱的日常小调。尽管曲调异常简单，但凡是略懂乐理之人都能听出，其作曲者必定是广识天下音律的大师。 「牵起家人的手，让我们一同起舞! 」","二星"
"90","Material","家族颂歌","https://uploadstatic.mihoyo.com/sr-wiki/2023/03/09/187636729/8c311d22a389c7b92189b49be7d63960_8842196801926008816.png",282,"行迹材料","不知由谁制作的音乐盒。可中幅提升同谐角色的命途行迹。 播放着由某只小型乐队合唱的颂歌。至于其歌词中赞颂的是何方神圣？如今早已无从考证。 「吾若贫贱，神主锤炼！吾若富足，神主恩德！」","三星"
"93","Material","群星乐章","https://uploadstatic.mihoyo.com/sr-wiki/2023/03/06/299598919/b21c3175beedb9f938e36024f65aa9dc_4627788546984899461.png",275,"行迹材料","不知由谁制作的音乐盒，结构十分复杂。可大幅提升同谐角色的命途行迹。 「有些天文学家们认为，天体运行犹如复杂的机械结构，日月众星在运转时会发出水晶般悦耳的音符。此所谓「天体谐乐」。」","四星"
"112","Material","青铜的执着","https://uploadstatic.mihoyo.com/sr-wiki/2023/03/09/187636729/75f724d3338b4a9ab37df6ec9badef92_8862894508812537887.png",143,"行迹材料","青铜锤成的古老手盾，工艺粗糙却耐用。可小幅提升存护角色的命途行迹。 传说太古曾有战争浩劫，人们穷尽一切原始的手段，追随神明对抗无可匹敌的兽。 这面盾牌便是那场战争的见证。 「不可抵挡，我等仍尽力抵挡。」","二星"
"114","Material","寒铁的誓言","https://uploadstatic.mihoyo.com/sr-wiki/2023/03/09/187636729/7b93161d68a11552b1e2aca7b4582099_7299076409998962228.png",284,"行迹材料","以未知合金锻造而成的护盾，制作技艺难以复现。可中幅提升存护角色的命途行迹。 虽然体积不小，挥舞起来却轻若无物。遭受冲击，盾面也不留丝毫痕迹。传说太古曾有战争浩劫，神采飞扬的战士们手握发出炽热死线的枪戟与寒铁铸造的护盾，保卫注定沦落的国土。这面盾牌便是那场战争的见证。 「「兵临城下」，雄浑之声说着，「兵临城下」。」","三星"
"117","Material","琥珀的坚守","https://uploadstatic.mihoyo.com/sr-wiki/2023/03/09/187636729/62a14c2c852e3255ffbc0a2def134425_1318217102338337148.png",277,"行迹材料","奇异的大盾，镶嵌着自天外凿取的琥珀，可大幅提升存护角色的命途行迹。 握持盾牌者仿佛被无形的墙垣所保护，无论是装填烈焰的箭矢，还是山峰般巨大的利爪都无法损伤其身。 「万勿逾界。」","四星"
"233","Material","工造机杼","https://uploadstatic.mihoyo.com/sr-wiki/2022/12/04/75216984/e0c5512673b941e9caa0050a650e4d27_641815965238892566.png",537,"角色晋阶材料","仙舟机巧的部件。强化所需的简单材料。 仙舟机巧术的基础。机巧零件最小的单位，拆开它就像在破坏生物的细胞结构。 「博识学会以两百万信用点悬赏无损拆解仙舟偃偶的技术方案。」 「如果你认识螺丝咕姆，这两百万简直白给.....」","二星"
"236","Material","工造迴轮","https://uploadstatic.mihoyo.com/sr-wiki/2022/12/04/75216984/274a0e9236b39379df35bfc5b7cd346c_2706591022173181389.png",538,"角色晋阶材料","仙舟机巧的部件。强化所需的普通材料。 仙舟机巧术的连接件。细密勾连的轮齿微如芥子，却连缀成复杂的机体，令机械灵动如生命。 「其形圆融，取法乎天。其动往复，取法乎道。」","三星"
"239","Material","工造浑心","https://uploadstatic.mihoyo.com/sr-wiki/2022/12/04/75216984/dacaa96e7c9afbfeb7247277dd3e5909_7426947032618974976.png",539,"角色晋阶材料","仙舟机巧的部件。强化所需的高级材料。 仙舟机巧术的中枢。浑仪犹如心窍般翻滚脉动，令机械如活物般思考。 「大人勿惊。拆去其心，便能令他...唔，她？不，令它失却灵智，还形金石。」","四星"
"313","Material","永寿幼芽","https://uploadstatic.mihoyo.com/sr-wiki/2022/12/04/75216984/30a241ca9b2d1e638bed72203ae5d3cb_5636271535035936292.png",535,"角色晋阶材料","古老神物萌发的新芽,强化所需的简单材料。 仙舟长生种「无尽形寿」的源头，「丰饶」神迹的残余。无数岁月前，一位帝皇的长生妄念促成了仙舟舰队渡航天之外海，求取仙方。 「朕欲垂化万世，国祚永延。惜乎天年有尽，人力有穷。故遣天艟九座，飙航天外，谒求仙方。」","二星"
"317","Material","永寿天华","https://uploadstatic.mihoyo.com/sr-wiki/2022/12/04/75216984/1e6d98e20d96c7cfe6acb33b2e255299_6531848850981841021.png",498,"角色晋阶材料","古老神物结成的花朵,强化所需的普通材料。 仙舟长生种「无尽形寿」的源头，「丰饶」神迹的残余。历经坎坷，求药之舟谒见天颜。神明垂迹显化，建木生发。 「新蕊月中落，天华云外香。桂馥吐纳间，鹤发换青髫。」","三星"
"319","Material","永寿荣枝","https://uploadstatic.mihoyo.com/sr-wiki/2022/12/04/75216984/e6854adc322a1d0b10e9968ca0eb4cc2_4798715130197015515.png",536,"角色晋阶材料","古老神物的枯荣之枝，强化所需的高级材料。 仙舟长生种「无尽形寿」的源头，「丰饶」神迹的残余。三灾过后，仙舟生灵涂炭。天人堕魔，苦厄不绝。 「按十王司律令，凡濒陷魔阴者，将受判官勾摄，入幽狱审断。」","四星"
"514","Material","铁狼碎齿","https://uploadstatic.mihoyo.com/sr-wiki/2023/03/04/187636729/24f46689e4514136504e07f9438ba6a3_378940365090301397.png",443,"角色晋阶材料","自动机兵遗留的零碎锯齿，物理属性角色的晋升素材。 据说筑城者曾经的冶金技术能打造出切开磐岩的链锯。这样巧妙的工艺如今已无法复现。 「史瓦罗大佬说那刃片薄得能切进分子间的空隙...分子是什么玩意儿?」","三星"
"529","Material","风雪之角","https://uploadstatic.mihoyo.com/sr-wiki/2023/03/16/187636729/b93446a688f98396db05500855616438_1214164599352046747.png",456,"角色晋阶材料","深寒徘徊者断折的角，冰属性角色的晋升素材。 银鬃铁卫间偶尔会进行一场比斗——在规定时间内带回怪物残躯的一部分。这支冰冷的断角想必就是某场比试的战利品。 「波瓦大臣，这不是雪鹿角，它也不适合挂在地髓壁炉的上边。」","三星"
"558","Material","恒温晶壳","https://uploadstatic.mihoyo.com/sr-wiki/2022/08/17/190590294/0fd4ca3ae36f08151b50a96dfe5de815_2532887625513241022.png",441,"角色晋阶材料","仿佛凝固火焰的滚烫晶体，火属性角色的晋升素材。 自某种跨维度生物的遗骸上截下的奇特晶壳，尽管已不复之前的高热,但它依旧辐射出暖热。 「外面太冷了，但揣上这块宝石，你可以走上很远，去寻找可能还有人类的城市...」","三星"
"587","Material","虚幻铸铁","https://uploadstatic.mihoyo.com/sr-wiki/2023/03/03/190590294/a59274d66065783333b5895d6900c41f_34276618661389881.png",478,"角色晋阶材料","虚卒·践踏者的蹄铁，量子属性角色的晋升素材。 反物质军团麾下的践踏者在毁灭后有极低概率留下这种蹄铁。没有观测者时，它会在有/无两种状态间波动。 「这个实验的名字？就叫践踏者的蹄铁......」","三星"
"602","Material","往日之影的雷冠","https://uploadstatic.mihoyo.com/sr-wiki/2023/03/03/190590294/af2338ad3f2f1ecc754a4c54d2b0c15c_7107005452406062996.png",477,"角色晋阶材料","守护者之影佩戴的头饰，雷属性角色的晋升素材。 往昔守护者的身影消散后残留的饰物，仿佛在掌心中诉说着永冬之城的过去。 「铁腕的斯维特兰娜——她的怒火震耳如惊雷，她的责罚迅疾如闪电。」","三星"
"617","Material","暴风之眼","https://uploadstatic.mihoyo.com/sr-wiki/2023/03/03/190590294/e5e4bc1b7faffba1cef1a77e12a7ecb6_3669285450825481366.png",479,"角色晋阶材料","兴风者残留的箭簇，风属性角色的晋升素材。 裂界创造的以某种虚卒为原型的怪物所留，螺旋气流的中心，一截箭簇隐约可见。 「于裂界销殒者，必将于裂界重生。」","三星"
"660","Material","深邃的星外质","https://uploadstatic.mihoyo.com/sr-wiki/2023/03/10/190590294/33b45701e9b66d1de0234a872632e240_2941867344615754208.png",398,"角色晋阶材料","开拓者的晋升素材。 从至高存在中剥离，倒映着万变幻影的深邃棱晶。在每一个棱面上，逝去之物和未来之物闪烁着，想要将观测者吞没。 「文明就像混沌黑暗的深海之上，那薄薄的一层冰。」","三星"
"773","Material","往日之影的金饰","https://uploadstatic.mihoyo.com/sr-wiki/2023/03/03/190590294/6e4b613baa38e0777a57df9cc3676dab_68778693556356258.png",457,"角色晋阶材料","蚕食者之影佩戴的头饰，虚数属性角色的晋升素材。 往昔守护者的身影消散后残留的饰物，仿佛在掌心中诉说着永冬之城的过去。 「慈母阿丽娜——她的慈爱广博如深空，她的仁善闪耀如黄金。」","三星"
"816","Material","苦寒晶壳","https://uploadstatic.mihoyo.com/sr-wiki/2022/12/04/75216984/24cd3a20b37ab3610b80d9bced3b3005_3517809663361529425.png",532,"角色晋阶材料","散发着冷厉嗡鸣的寒冻晶体，冰属性角色的晋升素材。 自某种跨维度生物的遗骸上截下的奇特晶壳，尽管已不复之前的极寒，但它依旧颤动着，汲取周遭的热量。 「没人考虑过把它卖去空调还没发明出来的世界吗？这玩意不但冷，声音也和空调外机一样聒噪。」","三星"
"845","Material","黑塔的手稿:《作者序》","https://uploadstatic.mihoyo.com/sr-wiki/2022/05/25/103492603/8522e38599936a1f7f362236695ef4eb_6889855121562723509.png",78,"任务道具","","三星"
"846","Material","矿工病诊断书","https://uploadstatic.mihoyo.com/sr-wiki/2022/05/25/5627372/f49ab9a07d6e82785f6215379d6d4a08_6003412849487366183.jpg",80,"任务道具","","三星"
"847","Material","星琼","https://uploadstatic.mihoyo.com/sr-wiki/2022/08/23/2563764/5776b2f73f6e97e384ad7803a5740f6e_2091052454173527234.png",84,"其他材料","如同流星般划过夜空的珍贵光芒，在它熄灭前抓住它，然后换些什么吧? 「听说那是智慧生命的愿望化成了流光。尽管在时间的洪流中转瞬熄灭，但它也照亮了片刻黑暗，对吧? 」","五星"
"848","Material","里程","https://uploadstatic.mihoyo.com/sr-wiki/2022/08/23/2563764/16985010b97ae9ef2d8c48ee14f2f607_5373725785054488577.png",85,"其他材料","前进的纪录，开拓的度量。累计里程后可以提升开拓等级。 「我来，我见，我开拓。」","一星"
"849","Material","黑塔的手稿:《博识学会》","https://uploadstatic.mihoyo.com/sr-wiki/2022/05/25/103492603/8522e38599936a1f7f362236695ef4eb_6432651887449141961.png",86,"任务道具","","三星"
"850","Material","星神","https://uploadstatic.mihoyo.com/sr-wiki/2022/05/25/293404105/8522e38599936a1f7f362236695ef4eb_4546522451364904154.png",92,"任务道具","","三星"
"851","Material","卡利白秘方","https://uploadstatic.mihoyo.com/sr-wiki/2022/05/25/5627372/f49ab9a07d6e82785f6215379d6d4a08_4296571198221097169.jpg",94,"任务道具","空间站「黑塔」冒险任务 -触不可及 末尾通过任务流程获得","三星"
"852","Material","关于梦境分析","https://uploadstatic.mihoyo.com/sr-wiki/2022/05/26/143447877/b6c6ad83a1dbc10a763ee505d82d5de0_8981048893225259370.png",95,"任务道具","","三星"
"853","Material","黑塔的手稿:《星际和平公司》","https://uploadstatic.mihoyo.com/sr-wiki/2022/05/26/103492603/8522e38599936a1f7f362236695ef4eb_6612237422854812352.png",96,"任务道具","","三星"
"854","Material","一次性动力臂","https://uploadstatic.mihoyo.com/sr-wiki/2022/09/06/214441058/8b7ee1d58d929ff8bdc8e8dce26e603c_7370666337753545463.png",100,"消耗品","传说「帝皇」鲁珀特一世获得了自由意志后,它所做的第一件事就是运用身边能找到的有用零件,结合它对有机生命的无限怒火，创造出了强而有力的动力手臂。在推导出「反生命方程」之前,「帝皇」的军队以其可怕的机械武装将战火燃遍宇宙。 「仅仅拥有技术是没用的。想要发明创造，你必须点燃一丝...激情。」","四星"
"855","Material","露比冲剂","https://uploadstatic.mihoyo.com/sr-wiki/2022/05/26/83657908/70fd1608e10f94d7007a1209d5fbbb26_1690561803573985444.png",109,"消耗品","使用后我方全体在下次战斗中速度提高8%，效果命中提高20%。","四星"
"856","Material","愈合喷剂","https://uploadstatic.mihoyo.com/sr-wiki/2022/05/26/83657908/075fb7ac312708768669153c1ff4fc7d_2871140223281847852.png",111,"消耗品","使用后立即为指定我方单体回复等同于自身生命上限30%+600的生命值。","三星"
"857","Material","惩戒能量","https://uploadstatic.mihoyo.com/sr-wiki/2022/05/26/83657908/2a6797e7158bafa4b28ca8ed39ce0e31_5693000671688858939.png",112,"消耗品","使用后立即为我方恢复4点秘技点，并使我方全体消耗等同于各自生命上限15%的生命值","二星"
"858","Material","大宇宙炒饭","https://uploadstatic.mihoyo.com/sr-wiki/2022/05/26/83657908/50a6b5fd1f252f7637c17c761d40fe77_5902329140631130149.png",113,"消耗品","使用后立即为指定我方单体回复等同于自身生命上限24%的生命值，并额外回复300点生命值。 一碗金黄的炒饭，色香味俱全。","二星"
"859","Material","未熄的星芒","https://uploadstatic.mihoyo.com/sr-wiki/2023/03/14/190590294/7c97b9418622de07ae062b078aaa25fe_5769053917193996283.png",114,"其他材料","落地的流光凝固成了灿然生辉的宝石。 「其价值依旧不可估量。」","五星"
"860","Material","未熄的余烬","https://uploadstatic.mihoyo.com/sr-wiki/2023/03/14/190590294/23739e160d64a6a17a4a0832652513b3_6722751717440249504.png",115,"其他材料","落地的流光冷却成了叹息的余烬。 「至少它曾燃烧过。」","四星"
"861","Material","惩戒粮食","https://uploadstatic.mihoyo.com/sr-wiki/2022/05/26/83657908/4ccb0474973a59abde422ee82bffe152_643695255797267466.png",116,"消耗品","使用后立即为我方恢复2点秘技点，并使我方全体消耗等同于生命上限15%的生命值。","一星"
"862","Material","一次性防护壁","https://uploadstatic.mihoyo.com/sr-wiki/2022/05/26/83657908/f4518374c8bf4c442ea095ff9a5e8a1d_3471487997199220039.png",119,"消耗品","使用后我方全体在下次战斗中防御力提高15%，效果抵抗提高10%。","三星"
"863","Material","难吃的炒饭","https://uploadstatic.mihoyo.com/sr-wiki/2022/05/26/83657908/0d99e82ed4ce8a2c4a75e178808be720_949150941198459248.png",121,"消耗品","—碗金黄的炒饭，味道很怪，吃它仿佛是某种惩罚游戏。望着它时，你获得了决心。 「当然，我们也可以随便地做一碗炒饭......」","二星"
"864","Material","稀薄以太","https://uploadstatic.mihoyo.com/sr-wiki/2022/11/30/75216984/579181c531e41c92cbf757ec1695b4ca_5206561350516007922.png",128,"经验材料","光锥的强化材料，可以获得500点光锥经验。 本不应存在于现实的假想介质，创造光锥的基本原料。 将之注入光锥，能令封装其中的事象更为清晰。 「原来如此，流光忆庭的『意质』就是这东西，怪不得忆者能携带记忆进行星际旅行。」","二星"
"866","Material","漫游指南","https://uploadstatic.mihoyo.com/sr-wiki/2022/08/29/308422772/ac71b44cb9e479dd3c78521fcb0519db_2652474107515380346.png",130,"经验材料","角色的经验材料，可以获得20000点角色经验。 跨越诸界必备的冒险丛书。按下阅读键，充满磁性的声音将以你能听懂的语言讲述知名冒险家们在不同世界间的传奇经历，以及他们在各个星球上获得的珍贵智慧。 「漫游指南全新书系《星际美食烹饪导览》开售在即，敬请支持。」 「投稿请接入博识学会心灵通感信标23θ联络员，稿酬可以以您接受的任何形式支付。」","四星"
"867","Material","旅情见闻","https://uploadstatic.mihoyo.com/sr-wiki/2022/12/04/75216984/c8a77c28d46f4f7ff8b7ea66d0351fa8_3640807413384807023.png",131,"经验材料","角色的经验材料，可以获得1000点角色经验。 记录旅途见闻的日志，字迹漫漶不清，内容随心所欲，对你并没有太大的帮助。 「看完了就赶紧把这堆废纸处理掉吧，丹恒?」","二星"
"868","Material","冒险记录","https://uploadstatic.mihoyo.com/sr-wiki/2022/12/04/75216984/c589d2e31a1b91f7be8e74cefaf26e79_4181829845692733380.png",132,"经验材料","角色的经验材料，可以获得5000点角色经验。 装订严整，一看就颇有教育意义的冒险札记。图文并茂地描述了冒险行动的始末、有价值的信息和生存相关的技巧。 「干嘛不数据化放进光刻片里?便携多了。」 「面对恒星风暴和中子流喷发时，高科技比你想象的还要脆弱。何况，制作这本书的人一定希望人们用最简单的方式阅读它。」","三星"
"870","Material","遗失碎金","https://uploadstatic.mihoyo.com/sr-wiki/2022/05/26/76953456/9d90978e4ea065defbf917bf0d7cca3d_8634536193588957606.png",135,"经验材料","遗器的高阶强化材料。 被精心收集的裂界尘埃，有着不规整的外形。条件正确即可表达成特定的遗器形态。 「若群星回归正确的位置...哈，开个玩笑。」","三星"
"875","Material","地火组织的宣传单","https://uploadstatic.mihoyo.com/sr-wiki/2022/05/26/293404105/1ec43a6958e7d76a8c1c08e87dfbaac3_2135823646920844505.jpg",144,"任务道具","","三星"
"876","Material","拼接而成的信件","https://uploadstatic.mihoyo.com/sr-wiki/2022/05/26/293404105/1ec43a6958e7d76a8c1c08e87dfbaac3_7642924255656784704.jpg",145,"任务道具","","三星"
"877","Material","煦日节前的日常生活采访","https://uploadstatic.mihoyo.com/sr-wiki/2022/05/26/293404105/8522e38599936a1f7f362236695ef4eb_2178956876196235446.png",146,"任务道具","","三星"
"878","Material","冰风暴成因","https://uploadstatic.mihoyo.com/sr-wiki/2022/05/26/293404105/1ec43a6958e7d76a8c1c08e87dfbaac3_5867100961670208587.jpg",147,"任务道具","","三星"
"879","Material","清唱剧<大守护者>首演盛况","https://uploadstatic.mihoyo.com/sr-wiki/2022/05/26/293404105/8522e38599936a1f7f362236695ef4eb_7924449545353519855.png",148,"任务道具","","三星"
"880","Material","黑面包汽水冰山","https://uploadstatic.mihoyo.com/sr-wiki/2022/05/26/293404105/8522e38599936a1f7f362236695ef4eb_7173231232054009635.png",149,"任务道具","","三星"
"881","Material","小朋友的信","https://uploadstatic.mihoyo.com/sr-wiki/2022/05/26/293404105/1ec43a6958e7d76a8c1c08e87dfbaac3_2650094829391967781.jpg",150,"任务道具","行政广场喷泉附近，演讲家多米尼克旁的长椅上","三星"
"882","Material","关于清唱剧排练时间变更通知","https://uploadstatic.mihoyo.com/sr-wiki/2022/05/26/293404105/1ec43a6958e7d76a8c1c08e87dfbaac3_4823319301193611167.jpg",151,"任务道具","","三星"
"883","Material","派系","https://uploadstatic.mihoyo.com/sr-wiki/2022/05/26/293404105/8522e38599936a1f7f362236695ef4eb_2611121495567758494.png",152,"任务道具","","三星"
"884","Material","关于煦日节庆典相关事宜的安排","https://uploadstatic.mihoyo.com/sr-wiki/2022/05/26/143447877/b6c6ad83a1dbc10a763ee505d82d5de0_7615116393591621842.png",153,"任务道具","","三星"
"885","Material","《「 淬火工坊」全新启程！》","https://uploadstatic.mihoyo.com/sr-wiki/2022/05/27/5627372/f49ab9a07d6e82785f6215379d6d4a08_1377131762030196040.jpg",154,"任务道具","","三星"
"886","Material","《黑塔研究图鉴·第七卷·交通》残页","https://uploadstatic.mihoyo.com/sr-wiki/2022/05/26/103492603/8522e38599936a1f7f362236695ef4eb_3068700794007221590.png",156,"任务道具","","三星"
"887","Material","大矿区排班表","https://uploadstatic.mihoyo.com/sr-wiki/2022/05/26/143447877/b6c6ad83a1dbc10a763ee505d82d5de0_8404516685589420198.png",157,"任务道具","","三星"
"888","Material","梅登矿洞要塌了","https://uploadstatic.mihoyo.com/sr-wiki/2022/05/27/5627372/f49ab9a07d6e82785f6215379d6d4a08_5789925553980528964.jpg",158,"任务道具","","三星"
"889","Material","冷吃夕红鱼","https://uploadstatic.mihoyo.com/sr-wiki/2022/05/25/293404105/1ec43a6958e7d76a8c1c08e87dfbaac3_2279741272903302854.jpg",159,"任务道具","","三星"
"890","Material","贝洛伯格红肠","https://uploadstatic.mihoyo.com/sr-wiki/2022/05/25/293404105/1ec43a6958e7d76a8c1c08e87dfbaac3_6645718908179048340.jpg",160,"任务道具","","三星"
"891","Material","春神和战争之神雅利洛","https://uploadstatic.mihoyo.com/sr-wiki/2022/05/25/293404105/1ec43a6958e7d76a8c1c08e87dfbaac3_4559495584733338595.jpg",161,"任务道具","","三星"
"893","Material","猎慧人宝藏","https://uploadstatic.mihoyo.com/sr-wiki/2022/05/27/293404105/8522e38599936a1f7f362236695ef4eb_1582064027904895551.png",167,"任务道具","","三星"
"894","Material","《地底百科：动物》","https://uploadstatic.mihoyo.com/sr-wiki/2022/05/27/293404105/8522e38599936a1f7f362236695ef4eb_4500162802987539047.png",168,"任务道具","","三星"
"895","Material","矿毒清鼻用吸入剂说明书","https://uploadstatic.mihoyo.com/sr-wiki/2022/05/27/293404105/8522e38599936a1f7f362236695ef4eb_6576954345701722297.png",169,"任务道具","","三星"
"896","Material","黑塔的手稿:《天才俱乐部》","https://uploadstatic.mihoyo.com/sr-wiki/2022/05/27/103492603/8522e38599936a1f7f362236695ef4eb_7509856334779967898.png",172,"任务道具","","三星"
"897","Material","希拉的人物剧本","https://uploadstatic.mihoyo.com/sr-wiki/2022/05/25/5627372/f49ab9a07d6e82785f6215379d6d4a08_7430659447883624159.jpg",173,"任务道具","","三星"
"898","Material","告罪书","https://uploadstatic.mihoyo.com/sr-wiki/2022/05/25/5627372/f49ab9a07d6e82785f6215379d6d4a08_716647808013361849.jpg",174,"任务道具","","三星"
"899","Material","星轨通票","https://uploadstatic.mihoyo.com/sr-wiki/2023/03/14/190590294/45b288018a0b9b969b6614c9812dbd5c_4836211500218338714.png",176,"其他材料","星穹列车的通行车票。顺着星轨一路前行，在通航的世界间游历。 「随心所欲地去任何想去的地方，见想见的人，留下想要的回忆。」","五星"
"900","Material","遗失光尘","https://uploadstatic.mihoyo.com/sr-wiki/2022/08/29/308422772/baa6c0264b8ac9e1f9f623f0953f9734_4255672868927049727.png",177,"经验材料","遗器的强化材料，可获得100点遗器经验。 弥散于裂界中的细微光尘，记录着来自文明的信息。 「神智学上称记录着物质世界的信息库为阿卡夏纪录。倒不是说我信这个，但这些尘埃确实保存着过去的信息。就像......种子？浇水培土就会开花结果，呈现更多。」","一星"
"901","Material","燃料","https://uploadstatic.mihoyo.com/sr-wiki/2023/03/14/190590294/01876eed7e1e951d2e57c3641cdd4a3b_3175488190287358153.png",178,"消耗品","补充开拓力的物品，可以回复60点开拓力。 由无名客的梦与勇气填充的燃料罐。 「唯心主义？我更喜欢称之为观测者效应和人类的自我实现。」","四星"
"904","Material","关于宠物「小麻」的日记","https://uploadstatic.mihoyo.com/sr-wiki/2022/05/27/293404105/8522e38599936a1f7f362236695ef4eb_4225015029900086507.png",182,"任务道具","","三星"
"905","Material","猎慧人来信","https://uploadstatic.mihoyo.com/sr-wiki/2022/05/27/103492603/8522e38599936a1f7f362236695ef4eb_4320617047264663001.png",185,"任务道具","","三星"
"906","Material","艾丝妲的家书","https://uploadstatic.mihoyo.com/sr-wiki/2022/05/28/103492603/8522e38599936a1f7f362236695ef4eb_7164884307566200933.png",187,"任务道具","","三星"
"907","Material","矿队的通牒","https://uploadstatic.mihoyo.com/sr-wiki/2022/05/27/293404105/1ec43a6958e7d76a8c1c08e87dfbaac3_6167299782465847961.jpg",188,"任务道具","","三星"
"908","Material","再见黑塔","https://uploadstatic.mihoyo.com/sr-wiki/2022/05/28/293404105/8522e38599936a1f7f362236695ef4eb_8762245617295411130.png",189,"任务道具","","三星"
"909","Material","黑塔情诗","https://uploadstatic.mihoyo.com/sr-wiki/2022/05/28/293404105/8522e38599936a1f7f362236695ef4eb_8883343406461979509.png",190,"任务道具","","三星"
"910","Material","雪国冒险奇谭","https://uploadstatic.mihoyo.com/sr-wiki/2022/05/26/293404105/8522e38599936a1f7f362236695ef4eb_3660077061428823006.png",191,"任务道具","待补充…… 待补充…… 待补充…… 待补充…… 待补充……","三星"
"911","Material","艾丝妲的购物清单","https://uploadstatic.mihoyo.com/sr-wiki/2022/05/28/103492603/8522e38599936a1f7f362236695ef4eb_6386099123953110236.png",197,"任务道具","","三星"
"912","Material","艾丝妲与「商业精英」的往来邮件副本","https://uploadstatic.mihoyo.com/sr-wiki/2022/05/28/103492603/8522e38599936a1f7f362236695ef4eb_3972160727058203931.png",198,"任务道具","","三星"
"914","Material","机械聚落认证: 3级","https://uploadstatic.mihoyo.com/sr-wiki/2022/08/30/75216984/60e0444a7629d8d1ba6b2b4e69788a9f_1338979892465025424.png",201,"贵重物","用于打开机械聚落大门的第三级认证。只有获得全部三级认证者才能取得开门权限。 「哎哟喂!疼疼疼... 这机器人，就不能对美少女的手温柔点嘛!」","三星"
"915","Material","机械聚落认证: 2级","https://uploadstatic.mihoyo.com/sr-wiki/2022/08/30/75216984/118c6fbf9cfc3f9c8ecedd002819fc98_2595202799429206321.png",202,"贵重物","用于打开机械聚落大门的第二级认证。只有获得全部三级认证者才能取得开门权限。 「哎哟喂!疼疼疼... 这机器人，就不能对美少女的手温柔点嘛!」","三星"
"916","Material","机械聚落认证: 1级","https://uploadstatic.mihoyo.com/sr-wiki/2022/08/30/75216984/a110e081242e75249136ee679862d1f6_8518653310484423522.png",203,"贵重物","用于打开机械聚落大门的第一级认证。只有获得全部三级认证者才能取得开门权限。 「哎哟喂!疼疼疼... 这机器人，就不能对美少女的手温柔点嘛!」","三星"
"917","Material","信用点","https://uploadstatic.mihoyo.com/sr-wiki/2022/08/29/308422772/95c9d73f9a4dd4ff1b8bcec0be0419f5_5759645652925473573.png",204,"其他材料","星际和平公司与客户结算时使用的货币，如今已成为太空旅行的硬通货。 「人们奔波、争斗、贸易，为的不过是个终端里显示的数字。但真正珍贵之物，公司的数字是买不到的。」","一星"
"918","Material","宓堂传语","https://uploadstatic.mihoyo.com/sr-wiki/2022/05/25/5627372/f49ab9a07d6e82785f6215379d6d4a08_4094733220800124072.jpg",206,"任务道具","","三星"
"920","Material","星轨专票","https://uploadstatic.mihoyo.com/sr-wiki/2023/03/14/190590294/90395dfe68b7bdf593c9e3e3de490318_839705054934988994.png",209,"其他材料","星穹列车的直达车票。记录着特定世界的坐标，适合目标明确的乘客。 「有许久不见的朋友吗?搭上列车和他/她/它/祂一同游历吧! 」","五星"
"921","Material","蓝色转译录","https://uploadstatic.mihoyo.com/sr-wiki/2022/08/29/308422772/3eebf94439a3c9edc028776729fc4cb8_7158202688055062799.png",210,"贵重物","「她会拒绝他，那他的人生就还有机会。忘却伤痛总是比克服伤痛来得简单。」","三星"
"922","Material","红色转译录","https://uploadstatic.mihoyo.com/sr-wiki/2022/08/29/308422772/71a0655f62dfb50da50094c404728413_6540218656815316855.png",211,"贵重物","「以洛奇那小崽子的性格，就连我也无法预测他知道真相后会做出什么冲动事。」","三星"
"923","Material","好看的垃圾","https://uploadstatic.mihoyo.com/sr-wiki/2022/05/28/83657908/5f6ce01dd8c751888d4da5d2dd6dd80f_4111669431213865944.png",212,"消耗品","毫无价值的东西。它无价值的样子是那么美丽。","三星"
"925","Material","「风雪免疫」实验记录","https://uploadstatic.mihoyo.com/sr-wiki/2022/06/03/187636729/a22b28c4eaf50fbbb9b210c0ee8fb72c_4478807763287725007.png",254,"任务道具","","三星"
"926","Material","超镍零件","https://uploadstatic.mihoyo.com/sr-wiki/2022/08/29/308422772/1c21f0a4bb1ba4080c8dd8aa90455f8d_8346776496320931367.png",265,"贵重物","散落于嘘实埋间中的精细零件，貌不惊人，已经上了点年头。铁与镍无疑是陨星的馈赠，但超镍则是极致神秘的工艺制成的超合金。即使已被「黑塔」淘汰，全宇宙也独此一家配享专利。 「独此一家? 银河流通的黑市上到处都是这玩意儿，号称全宇宙的信标都能用它修复，十个信用点一枚的万能零件。」","三星"
"927","Material","旧物拍卖会宣传物料","https://uploadstatic.mihoyo.com/sr-wiki/2022/08/30/75216984/73ddd99470ed47da36d060c2a22a6296_8798950724834162862.png",266,"贵重物","「如何让流浪者之间互通有无，拍卖会也许是个不错的想法.......」","三星"
"928","Material","地髓探针","https://uploadstatic.mihoyo.com/sr-wiki/2022/08/30/75216984/78a9319518f97764f806bc9c5a52ac0e_3326399588721144873.png",267,"贵重物","","三星"
"929","Material","某处的钥匙","https://uploadstatic.mihoyo.com/sr-wiki/2022/08/30/75216984/a05416b9eccbc9bc1b408ce88536bfe3_6765792225720078166.png",269,"贵重物","「『铆钉镇商业联合会』?去问问尤利安是否知道吧。」","三星"
"930","Material","商业区钥匙","https://uploadstatic.mihoyo.com/sr-wiki/2022/05/28/83657908/9337fd85d368fcbe35cb1fdb245dfdfa_2366162746207025119.png",270,"贵重物","「裂界来了，人都跑了，哪还有什么商业联合会呀。」","三星"
"945","Material","定制粉色安全帽","https://uploadstatic.mihoyo.com/sr-wiki/2022/08/29/75216984/8ed5b7d3dc9bd973fe5310c75a8f34cd_3365601607111159579.png",289,"贵重物","据桑博所说,是他丢失的矿具之一。据桑博所说,是他丢失的矿具之一。 「戴上它,你就是整个矿区最靓的仔。」","三星"
"946","Material","热驱动机械矿镐","https://uploadstatic.mihoyo.com/sr-wiki/2022/08/29/75216984/37290abb0a852ab2ae3c54d3afacdabd_331951775949840990.png",290,"贵重物","据桑博所说,是他丢失的矿具之一。据桑博所说,是他丢失的矿具之一。 「矿镐的尖头被擦得锃亮，拿来当武器的话或许也有不俗的威力?」","三星"
"947","Material","藏宝图","https://uploadstatic.mihoyo.com/sr-wiki/2022/08/29/75216984/42fb606aeff24bc1576d4cbdd0c56e5a_4377382436966072299.png",291,"贵重物","据说是能寻找到宝物的图纸。 「看上去不怎么可靠的藏宝图,令人不禁想要发问——你这图...保真吗?」","三星"
"948","Material","防粉尘呼吸面罩","https://uploadstatic.mihoyo.com/sr-wiki/2022/08/29/75216984/38e2355b4147a194e213cf34f864ff48_4727325891201694336.png",292,"贵重物","据桑博所说，是他丢失的矿具之一。 「普通的呼吸面罩。」","三星"
"949","Material","装有奶粉的包裹","https://uploadstatic.mihoyo.com/sr-wiki/2022/08/29/75216984/79f5accce19bc03c7cc100d62007106d_5054525532963167586.png",293,"贵重物","被寄送到诊所的匿名包裹之一。 「除了奶粉，还有能够保温的奶瓶，十分细致周到的考虑.....」","三星"
"950","Material","装有故事书的包裹","https://uploadstatic.mihoyo.com/sr-wiki/2022/08/29/75216984/80afbf11368d35678bb34bca4a24fdbb_6208755149116573718.png",294,"贵重物","被寄送到诊所的匿名包裹之一。被寄送到诊所的匿名包裹之一。 「小孩子会听着故事书的内容缓缓睡着。是年轻父母们的必备法宝...」","三星"
"951","Material","匿名的包裹","https://uploadstatic.mihoyo.com/sr-wiki/2022/08/29/75216984/625033911e1dc66c84ec62d775f820f1_1297501747762775247.png",295,"贵重物","还未被寄送到诊所的匿名包裹。 「匿名的包裹旁边躺着它的主人。」","三星"
"952","Material","核心模组","https://uploadstatic.mihoyo.com/sr-wiki/2022/08/29/75216984/96ccb4cfa5d5deba9a6d5a43e4525181_1708313591992307794.png",298,"贵重物","从失控机器人身上采集到的残次零件。 「一分钱，一分货。很显然，这玩意值不了几分钱。」","三星"
"953","Material","《冒险鼹鼠队：隐形的宝藏》","https://uploadstatic.mihoyo.com/sr-wiki/2022/05/30/293404105/8522e38599936a1f7f362236695ef4eb_5892694281732959097.png",311,"任务道具","","三星"
"954","Material","被叫作「菌菌」的大熊玩偶","https://uploadstatic.mihoyo.com/sr-wiki/2022/08/29/75216984/29800017df143bf99943636cd9abd313_5254850684153310259.png",318,"贵重物","「娜塔莎手工缝制的玩偶熊，不得不说它是真的很可爱。」","三星"
"955","Material","录像带：毁灭日","https://uploadstatic.mihoyo.com/sr-wiki/2022/08/29/75216984/0d69ec1bba8b13b9c8d9504dc5c6e95e_2679216863470995139.png",319,"贵重物","「不会有援军抵达，如果可以，请按照预定的航线尽快返回，你听见了吗?断断续续的宇宙无线电重复地叫着一个名字。没有回答。」","三星"
"956","Material","录像带：正义","https://uploadstatic.mihoyo.com/sr-wiki/2022/08/29/75216984/0d69ec1bba8b13b9c8d9504dc5c6e95e_7368809655692643047.png",320,"贵重物","「这就是星神力量最直接的证明人所希求的正义在一颗星球注定的亡兆面前不值一提殊为可笑.....幻影般的连珠话语证明，录像带的末段仿佛被什么污染了。」","三星"
"957","Material","录像带：黯淡蓝点","https://uploadstatic.mihoyo.com/sr-wiki/2022/08/29/75216984/0d69ec1bba8b13b9c8d9504dc5c6e95e_5448924448998447666.png",321,"贵重物","「仿佛突然堕入无始无终的空间，你正透过一副最常见的航行面罩观看着庞然的宇宙腹地。在邈远的深处，点缀着一颗尖锐的黯淡蓝点，仿佛凝结的水滴。」","三星"
"958","Material","监控影像","https://uploadstatic.mihoyo.com/sr-wiki/2022/08/29/308422772/a78db7e97f2e77f7d68e2e016cda0ff7_4582465027708099528.png",322,"贵重物","「监控是最糟糕的保密者，但却是最优秀的史官预备役——一切伟大乃至灾祸的开端，你都可以在此找到蛛丝马迹。」","三星"
"959","Material","「千星」权限认证","https://uploadstatic.mihoyo.com/sr-wiki/2022/08/29/308422772/8fdb0efa3c1983172550b8f10d9408a3_7741926199238962520.png",338,"贵重物","不知该用于何处的神秘权限卡，残角破碎，字面磨损，不知是否还可投入使用。随着偶然的光线折射，可以发现上面印着模糊的「千星」字样。 「明明是尊贵神秘的权限卡，却在好奇心退潮后便被当作垃圾随手扔掉..听起来像是黑塔干得出来的事。」","三星"
"960","Material","科鲁泽的信件","https://uploadstatic.mihoyo.com/sr-wiki/2022/06/05/299598919/c20e0cba5248b64a58ad667350f31ccd_7912803050293895710.jpg",341,"贵重物","科鲁泽随身携带的陈旧信件。科鲁泽随身携带的陈旧信件。 「他好像没来得及寄出去.....也许是不用寄出去了.....」","三星"
"961","Material","果腹粮食","https://uploadstatic.mihoyo.com/sr-wiki/2022/08/30/75216984/3cad2f382e373f5f66ceb736cf58f905_8448910272548228852.png",355,"消耗品","使用后立即为我方指定单体回复等同于自身生命上限15%的生命值，并额外回复150点生命值。 一份简单的粮食，没有特别的味道，但能填饱你的肚子。","一星"
"962","Material","「 黑塔」特许通行认证","https://uploadstatic.mihoyo.com/sr-wiki/2022/08/26/214441058/53faa05e4d9fa85ab59229a8a86f56f1_3089227079447879685.png",356,"贵重物","由艾丝妲特批、阿兰颁发的「黑塔」特许通行认证，依凭此物可以顺畅出入空间站绝大多数舱室。 「你要问我为什么不是所有舱室?只能说，黑塔科员卧虎藏龙，我可不想在开锁方式上限制他们的想象力。」","三星"
"963","Material","吉姆·罗杰面包味汽水","https://uploadstatic.mihoyo.com/sr-wiki/2022/05/28/83657908/5d27be1fb4593f0707fbf2794187b2a5_3246075560482226439.png",378,"消耗品","将面包干充分粉碎、浸泡、提取面包液再发酵,最后加入「吉姆·罗杰]专利配方,就是「吉姆·罗杰」的味道!","三星"
"964","Material","裂界怪物甲胄","https://uploadstatic.mihoyo.com/sr-wiki/2022/08/29/75216984/95165d4ec3dd2604c9f8cdba89eff45a_628986844384714998.png",379,"贵重物","「竟然会有人想要这玩意儿，真是难以理解......」","三星"
"969","Material","命运的足迹","https://uploadstatic.mihoyo.com/sr-wiki/2023/03/09/187636729/27c1ef80531951df86566292e141c7ff_3694734777524754503.png",405,"行迹材料","行迹升级的高阶素材。 一次又一次的败北成就了你的胜利，一步又一步的前进让你抵达了命运的拐点。","五星"
"970","Material","真正的藏宝图","https://uploadstatic.mihoyo.com/sr-wiki/2022/08/29/75216984/c283467507cc5c0e0a84cc24c761215b_5312952046339142097.png",415,"贵重物","据说是能寻找到宝物的图纸。 「年代久远的藏宝图，岁月的侵蚀令它看上去十分具有说服力。」","五星"
"973","Material","奇巧零食","https://uploadstatic.mihoyo.com/sr-wiki/2022/08/16/140871297/5cd7012918fbfa6c26261ca88d611e7b_315142114777135378.png",445,"消耗品","使用后立即为我方恢复2点秘技点。一包借鉴了气旋原理的熟种子。 放进嘴里后，种子会像跳跳糖那样弹射到口腔上方。 区别是上去后下不来，因此建议趴着食用。 「人类一旦解决了温饱问题，就爱上了折腾。」","一星"
"974","Material","守护者的悲愿","https://uploadstatic.mihoyo.com/sr-wiki/2023/03/09/190590294/eff1eea2be6afe789d371db3fd8fffaa_6353531369827615345.png",449,"行迹材料","行迹升级的高阶素材。 与这副面甲一同破碎的,还有一位守护者扭曲的愿望。 她渴望在永冬末日中为子民开辟前路，却最终沦为了更恢宏的意志所操纵的傀儡。 「大守护者，贝洛伯格统治者世代传承的头衔，看顾所有子民的人——人们并不知道，她们无人看顾，无人守护。」","四星"
"975","Material","毁灭者的末路","https://uploadstatic.mihoyo.com/sr-wiki/2023/03/03/190590294/9abef611cb9a0c2c77c05e98ebe5577a_7354434523810266124.png",450,"行迹材料","行迹升级的高阶素材。 古兽的身躯虽已销殒，匣中却还囚禁着尚未死灭的意志。但只要无人打开这个匣子，它的意志就处于存在与不存在的叠加态，驱动着毁灭的引擎运行下去。 「末日兽，战争熔炉以古兽残片为基万骸哀怨为引铸炼而成的灾厄——贯彻毁灭的同时亦渴求着自身的消亡。」","四星"
"976","Material","催吐剂","https://uploadstatic.mihoyo.com/sr-wiki/2022/09/06/26436641/039ce310a77d8f1c932ef056d8d0b1b7_1140327037856946404.png",451,"消耗品","使用后立即使我方指定单位消耗等同于生命上限99%的生命值，并使满足度大幅下降。 俗话说「谦受益，满招损」，当你因为大量使用物品而心满意足时，不妨试着用它对冲一下高昂的情绪，或有奇效。拿着它的时候，你获得了决心。 「世上没有天生的垃圾，永远都要相信自己。」","三星"
"977","Material","一次性动力炮","https://uploadstatic.mihoyo.com/sr-wiki/2022/09/07/75216984/489035842a04f78aa140d85481967d2c_4505357879033052719.png",452,"消耗品","使用后我方全体在下次战斗中攻击提高355点，暴击伤害提高20%。 在堆满机械残骸的坟场里，未来的「帝皇」鲁珀特一世觉醒了。此时的它只有一个破烂的逻辑单元，一颗老旧的马达，九十吉字节的空余记忆空间，和一只仅有一指能够弯曲的工业手臂，三十个系统时后，鲁珀特用一次性动力炮轰开这坟场顶部的铁门，爆炸的气浪使它的逻辑单元严重受损，但「帝皇」知道，它得到了掌握命运的力量。 「用作生产的机械和作用破坏的机械，是平等的。」","三星"
"980","Material","劣质护具","https://uploadstatic.mihoyo.com/sr-wiki/2022/08/18/103492603/92d989c15497d80b20bb77aaf0375571_6709824176823208504.png",458,"消耗品","使用后立即使我方全体消耗等同于生命上限15%的生命值，并在下次战斗中防御力提高15%。 高科技护具，能保护身体最脆弱的部位。但因为偷工减料，充能系统坏了，还一股令人作呕的怪味。仅仅穿上它就使你获得了决心。 「怎么会呢？我桑博一向诚信经营，童叟无欺。」","三星"
"981","Material","科技护具","https://uploadstatic.mihoyo.com/sr-wiki/2022/08/18/103492603/ed349483af8c09450f93a5339352874d_916915705317217571.png",459,"消耗品","使用后我方全体在下次战斗中防御力提高15%，获得的护盾提高18%。 博识学会研发的高科技护具，不但能保护身体最脆弱的部位，还能将受到的冲击部分转化为能量，替护具充能，满足长时间作战需求。该护具的原型机在武装考古学派中少量投放，获得大量有效数据。博识学会据此改进了护具，并交由星际和平公司对外贩售。 「改进版什么时候发给我们？」 「快了，学士！先拿一次性防护壁凑合凑合！」","三星"
"982","Material","反物质力场生成器","https://uploadstatic.mihoyo.com/sr-wiki/2022/08/18/103492603/e5ca5087bd33fd66b59dee46ddd1753d_1074985076070968139.png",460,"消耗品","使用后我方全体在下次战斗中攻击力提高260点，暴击率提高8%。 纵然拥有星神纳努克的赐福，掌握多种重型武器技术，反物质军团的部分成员仍沉醉于原始的冷兵器战斗。虚卒们将反物质力场生成器植入手臂，形成无坚不摧的力场刀刃。 「如同小刀切开奶油。」","三星"
"983","Material","能量饮料（无糖）","https://uploadstatic.mihoyo.com/sr-wiki/2022/08/18/103492603/8552c78c232e8cc6f95f4f1e2fa034d6_6197721899436532432.png",461,"消耗品","使用后立即为我方指定单体恢复50%能量。 一瓶能量饮料，可能缺少灵魂，但是一样好喝。 「瘦是一种视觉上的概念，和我的重量没有任何关系。 」","三星"
"984","Material","愤怒拳套","https://uploadstatic.mihoyo.com/sr-wiki/2022/08/18/103492603/bb3c5c471f0079bc2d682e08c9f0e155_7941935719487176859.png",462,"消耗品","使用后我方全体在下次战斗中攻击力提高5%，并额外提高170点攻击力。 这双拳套以怒火为动力。真火也行。 「史考特商业联盟，只为冠军而生！」","二星"
"985","Material","迷彩油漆","https://uploadstatic.mihoyo.com/sr-wiki/2022/08/18/103492603/8f78b1eda2398315f7602096fe650805_3994175778153176275.png",463,"消耗品","使用后在迷宫内被敌方目标发现的概率降低，持续75秒。 这罐神秘的液体能够随着环境改变颜色。有些在社会上摸爬滚打多年的人类也能做到。 「你就是条变色龙， 奥斯瓦尔多，懂我的意思吗？」 「公司需要变色龙。」","二星"
"986","Material","稻花","https://uploadstatic.mihoyo.com/sr-wiki/2022/08/18/103492603/6d6f0ae4101267c3b28837ba760c1374_6427196995248695383.png",464,"消耗品","使用后我方全体在下次战斗中回复量提高18%。 稻花香飘四溢，令你食欲大增，决定不再考虑种子种在蛋白米上能长出稻花的原因。 「风吹稻花香两岸。」","二星"
"987","Material","简易护具","https://uploadstatic.mihoyo.com/sr-wiki/2022/08/18/103492603/3f5805be603b490ab7ed9920b8329563_2265725243189260003.png",465,"消耗品","使用后我方全体在下次战斗中防御力提高25%。 简单的护具，为身体最脆弱的部位提供保护。 「不要以为只有头部、颈部才是要害，真正的格斗是无限制的。」","二星"
"988","Material","罐装快乐水","https://uploadstatic.mihoyo.com/sr-wiki/2022/08/18/103492603/7ce4d0968117b6f83139e8bc04417d82_3932604218282398537.png",466,"消耗品","使用后我方全体在下次战斗中生命值上限提高10%，并额外提高210点生命上限。 长盛不衰的配方，现代社会的必需品。喝下它能获得快乐、糖分、脂肪、和对未来的一点点信心。 「我攒了半辈子崇高道德的赞许，只为了今天尽情摇晃超市里每罐快乐水。」","二星"
"989","Material","生命传输器","https://uploadstatic.mihoyo.com/sr-wiki/2022/08/18/103492603/283bf4621ebab7ab914993002ab5d0fe_2342043029032787105.png",467,"消耗品","使用后立即复活我方处于无法战斗状态的指定单体，回复等同于自身生命上限10%的生命值。 这台简单的机器能为人类送上事关生命的氧气。 「既然先吸再呼，为什么叫呼吸呢？」","二星"
"990","Material","强化膏：物理","https://uploadstatic.mihoyo.com/sr-wiki/2022/12/04/75216984/de532cac5b620b47e31ad2f303127c4c_774687023871307633.png",468,"消耗品","使用后我方全体在下次战斗中造成的物理属性伤害提高24%。 将仿佛具有命途力量的材料混合其它物质研磨而成的药膏。 将这管药膏涂抹在合适的武器上，能使其获得有效强化。 「事半而功倍。」","三星"
"991","Material","强化膏：虚数","https://uploadstatic.mihoyo.com/sr-wiki/2022/12/04/75216984/dbcf933cde758549d977396813aedd41_4294514715849732697.png",469,"消耗品","使用后我方全体在下次战斗中造成的虚数属性伤害提高24%。 将仿佛具有命途力量的材料混合其它物质研磨而成的药膏。 将这管药膏涂抹在合适的武器上，能使其获得有效强化。 「事半而功倍。」","三星"
"992","Material","配方：强化膏：量子","https://uploadstatic.mihoyo.com/sr-wiki/2022/12/04/75216984/a074b2af381aaf632b21f15a214a0001_2455602745642647230.png",470,"消耗品","","三星"
"993","Material","配方：强化膏：火","https://uploadstatic.mihoyo.com/sr-wiki/2022/08/16/103492603/f6b43b3aadc5a3b5e2ea7fbd6c1598d3_4617698521670901517.png",471,"消耗品","","三星"
"994","Material","配方：强化膏：冰","https://uploadstatic.mihoyo.com/sr-wiki/2022/08/16/103492603/f6b43b3aadc5a3b5e2ea7fbd6c1598d3_4014664374126728929.png",472,"消耗品","","三星"
"998","Material","简易抢救器","https://uploadstatic.mihoyo.com/sr-wiki/2022/08/16/140871297/905c28b65916e26faf653fc12caa32bf_8159253566300904182.png",480,"消耗品","使用后立即复活我方处于无法战斗状态的指定单体，回复等同于自身生命上限5%的生命值。 机器虽小，却能有效刺激心肌，促进心脏活动。拯救了无数生命的伟大医学发明。 「如果你看到这里，建议花费半小时学习一下心肺复苏术。它平时毫无价值,但用到它时，你会感激这半小时的努力。J","一星"
"999","Material","健康炒米","https://uploadstatic.mihoyo.com/sr-wiki/2022/08/16/140871297/c23c81c5d05a8d715cd71edfbb966fbb_1766397263242683765.png",481,"消耗品","使用后立即为我方指定单体回复等同于自身生命上限28%的生命值，并额外回复250点生命值。 无烟，无油，无添加剂；味道不错，还能充饥。 人类的智慧结合大自然的伟力创造出的健康食品。 「只吃健康食品的人真的健康吗？」","二星"
"1000","Material","能量饮料","https://uploadstatic.mihoyo.com/sr-wiki/2022/08/16/140871297/de1c67f7eaac786dd71d785fa372998b_109087576558181845.png",482,"消耗品","使用后立即为我方指定单体恢复30%能量。 一瓶能量饮料，有生命的味道。 「毋庸置疑：虚数具有能量，而人体需要能量，因此虚数是可以被人体吸收的。」","二星"
"1001","Material","强化膏：量子","https://uploadstatic.mihoyo.com/sr-wiki/2022/12/04/75216984/883e1bb1899e252f8278ff4c95072c47_6666624783460546501.png",489,"消耗品","使用后我方全体在下次战斗中造成的量子属性伤害提高24%。 将仿佛具有命途力量的材料混合其它物质研磨而成的药膏。 将这管药膏涂抹在合适的武器上，能使其获得有效强化。 「事半而功倍。」","三星"
"1002","Material","强化膏：冰","https://uploadstatic.mihoyo.com/sr-wiki/2022/12/04/75216984/22943847d4badcacabc6ef10cfcefea4_6644490126205545235.png",490,"消耗品","使用后我方全体在下次战斗中造成的冰属性伤害提高24%。 将仿佛具有命途力量的材料混合其它物质研磨而成的药膏。 将这管药膏涂抹在合适的武器上，能使其获得有效强化。 「事半而功倍。」","三星"
"1003","Material","强化膏：火","https://uploadstatic.mihoyo.com/sr-wiki/2022/12/04/75216984/989c61cec00648e1569f2c2e5c767e66_3534363634602950379.png",491,"消耗品","使用后我方全体在下次战斗中造成的火属性伤害提高24%。 将仿佛具有命途力量的材料混合其它物质研磨而成的药膏。 将这管药膏涂抹在合适的武器上，能使其获得有效强化。 「事半而功倍。」","三星"
"1004","Material","永冬碑石","https://uploadstatic.mihoyo.com/sr-wiki/2022/12/04/75216984/e1e5dd1634b9619d55906c88d0eb442f_4394033104060464318.png",492,"消耗品","使用后我方全体在下次战斗中对冻结状态的效果抵抗提高50%。 很久很久以前，「悲悼伶人」来到雅利洛-VI。彼时星核尚未降临，寒潮也没有来到，只有反物质军团的战火无情地落在这颗脆弱的小星球上。「悲悼伶人」不知筑城者的存在，只见到满目疮痍。在星球的上方，贡多拉静静飘浮。伶人们在军团发现之前离去，留下一曲无声的哀歌。 后来，贝洛伯格的筑城者们发现了一种美丽的石头，闪烁五彩光华。他们将这种石头混杂地髓建造了一座纪念碑。据说，这座纪念碑至今仍屹立在雅利洛-VI——贝洛伯格——克里珀堡的中心。","四星"
"1006","Material","配方：强化膏：雷","https://uploadstatic.mihoyo.com/sr-wiki/2022/12/04/75216984/a074b2af381aaf632b21f15a214a0001_2116753843944628692.png",510,"消耗品","","三星"
"1007","Material","配方：强化膏：虚数","https://uploadstatic.mihoyo.com/sr-wiki/2022/12/04/75216984/a074b2af381aaf632b21f15a214a0001_2337921489414875624.png",511,"消耗品","","三星"
"1008","Material","配方：强化膏：物理","https://uploadstatic.mihoyo.com/sr-wiki/2022/12/04/75216984/a074b2af381aaf632b21f15a214a0001_1541379052905298657.png",512,"消耗品","","三星"
"1009","Material","配方：拓扑加速带","https://uploadstatic.mihoyo.com/sr-wiki/2022/12/04/75216984/89a13ee75f3e8761eba3d85f127364c7_4084150107220060549.png",513,"消耗品","","四星"
"1010","Material","配方：反物质力场生成器","https://uploadstatic.mihoyo.com/sr-wiki/2022/12/04/75216984/a074b2af381aaf632b21f15a214a0001_763319761051740666.png",514,"消耗品","","三星"
"1011","Material","配方：永冬碑石","https://uploadstatic.mihoyo.com/sr-wiki/2022/12/04/75216984/89a13ee75f3e8761eba3d85f127364c7_2031453792187302634.png",515,"消耗品","","四星"
"1012","Material","配方：万寿无情丹","https://uploadstatic.mihoyo.com/sr-wiki/2022/12/04/75216984/89a13ee75f3e8761eba3d85f127364c7_5007498627080546895.png",516,"消耗品","","四星"
"1013","Material","配方：迷彩油漆","https://uploadstatic.mihoyo.com/sr-wiki/2022/12/04/75216984/9bc5e3e633503e548274f2e015d50f19_6179090952971539402.png",517,"消耗品","","二星"
"1014","Material","配方：强化膏：风","https://uploadstatic.mihoyo.com/sr-wiki/2022/12/04/75216984/a074b2af381aaf632b21f15a214a0001_6181782616095395591.png",518,"消耗品","","三星"
"1015","Material","遗失晶块","https://uploadstatic.mihoyo.com/sr-wiki/2022/12/04/75216984/a249ca2ead1711fba4017b53fefb7fef_5045464500337455827.png",519,"经验材料","遗器的强化材料，可以获得1000点遗器经验。","四星"
"1016","Material","遗失精粹","https://uploadstatic.mihoyo.com/sr-wiki/2022/12/04/75216984/80d43f332a3f6581dcda37f1d2331d20_8719299543167101214.png",520,"经验材料","遗器的强化材料，可以获得2000点遗器经验。","五星"
"1017","Material","凝缩以太","https://uploadstatic.mihoyo.com/sr-wiki/2022/12/04/75216984/e66d95d16809102ee20d42324cae8dbc_7414776860105483875.png",521,"经验材料","光锥的强化材料，可以获得2000点光锥经验。 一罐经由特殊技术精炼而成的以太。 「小心轻放，勿压勿摔。破损泄漏后请参照《流溢灾难应对手册》第二章内容进行灾后处置。」","三星"
"1018","Material","提纯以太","https://uploadstatic.mihoyo.com/sr-wiki/2022/12/04/75216984/b2050b9474c2b6ca8966b76e0c97cfdc_2667344047744814204.png",522,"经验材料","光锥的强化材料，可以获得6000点光锥经验。","四星"
"1019","Material","万寿无情丹","https://uploadstatic.mihoyo.com/sr-wiki/2022/12/04/75216984/8b6b1c6c0666b784785ccd0a6b70be8f_7480603645249660836.png",523,"消耗品","使用后我方全体在后续3次战斗中生命上限提高20%，效果抵抗提高6%。 仙舟「曜青」的独门秘方，能提升服用者的体质，短时间内百病不侵。 曜青流传着这样一则稗史：曾有一位玉姓医师与停留仙舟的狐人行商相恋。然而持明寿长千年，狐人远远不及。医师不愿与爱人天人永隔，竟在药王秘传的蛊惑下，诱骗狐人服下了丰饶的长生秘方。不幸沦为孽物的狐人失去了对医师的恋心，终为云骑所诛。玉姓医师因此悲痛欲绝。为防其提前堕入魔阴身，丹鼎司令其服用万寿无情丹，断情绝欲，直至寿终。 该稗史还有另一个版本，称医师并非持明而是人类，狐人乃是药王秘传的使者，接近医师意图在丹鼎司中埋入奸嫌之种。该版本由于政治意味较浓，缺乏爱情元素，在仙舟并不流行。 「至情至性者堕入魔阴，断情绝欲者寿至千年。试问魔阴何患，千寿何喜？」","四星"
"1020","Material","强化膏：风","https://uploadstatic.mihoyo.com/sr-wiki/2022/12/04/75216984/5c2b3eac8da83fa9ed1f6adeba716a78_2333822314787378954.png",524,"消耗品","使用后我方全体在下次战斗中造成的风属性伤害提高24%。 将仿佛具有命途力量的材料混合其它物质研磨而成的药膏。 将这管药膏涂抹在合适的武器上，能使其获得有效强化。 「事半而功倍。」","三星"
"1021","Material","强化膏：雷","https://uploadstatic.mihoyo.com/sr-wiki/2022/12/04/75216984/39e4ae77eaae0a6a37766c70208c904e_7901959423098613150.png",525,"消耗品","使用后我方全体在下次战斗中造成的雷属性伤害提高24%。 将仿佛具有命途力量的材料混合其它物质研磨而成的药引。 将这管药膏涂抹在合适的武器上，能使其获得有效强化。 「事半而功倍。」","三星"
"1022","Material","拓扑加速带","https://uploadstatic.mihoyo.com/sr-wiki/2022/12/04/75216984/a10218211c804cb4ce2fd581e4f81689_7648069035373381751.png",526,"消耗品","使用后我方全体在后续3次战斗中速度提高24%，持续2回合。 黑塔空间站的万有应物科进行过一次有趣的实验：在一条拓扑循环带上，科员们对巡猎石施加了3利尔他的向量，使巡猎石将自身作为追逐的目标。于是，这枚巡猎石在特定环境下实现了有限永动。对于这一实验造成的命途能量损失，万有应物科并未在意，反倒是一个小现象引起了他们的注意：源于对命途的践行，永动的巡猎石速度虽然缓慢，但确实地在提升。应物科员应用这一原理制造出了拓扑加速带，目前而言，除了拿来健身以外，还没有找到别的用途。 「假设量产这玩意，量产无限多个，有没有可能掏空一整条命途的能量？」 「不知道...我们对命途的原理还所知甚少。」","四星"
"1023","Material","黑塔币","https://uploadstatic.mihoyo.com/sr-wiki/2022/12/04/75216984/b8ff72ef650bad9000b6b5ed9b7730b0_6522557253435504568.png",528,"其他材料","空间站内部流通的加密货币，可在特殊商店购买商品。 在早期计划中，黑塔币是数字货币，但在种种原因下最终改为实体。 值得一提的是，现行流通的黑塔币不含任何贵金属成分，但它内含的黑塔高清侧影数字藏品却远比贵金属珍稀。","三星"
"1024","Material","冬城盾","https://uploadstatic.mihoyo.com/sr-wiki/2022/12/04/75216984/db2c4b27e1c2d19ba5121c580dba2db9_1541899355080950445.png",529,"其他材料","贝洛伯格流通的官方货币，可在特殊商店购买商品。 经过漫长的封锁年代，贝洛伯格上下层区居民的金钱观发生了巨大的变化。 冬城盾与信用点的汇率为1:50——话说回来，为什么信用点仍然能作为官方货币之一在贝洛伯格通行？人们似乎已经忘记了问题的答案。","三星"
"1025","Material","巡镝","https://uploadstatic.mihoyo.com/sr-wiki/2022/12/04/75216984/4c38f729d37491119d72754b33e0a4fd_7924956739028938395.png",530,"其他材料","仙舟联盟内部的流通货币，以「镝」为单位，可在特殊商店购买商品。 早在与公司贸易往来前，仙舟巡镝已然数字化。但一些收藏家手中仍藏有联盟肇建时铸成的天金钱币，其形如箭头，又像是叶子，仿佛昭示文明的过去与未来。","三星"
"1026","Material","流光余晖","https://uploadstatic.mihoyo.com/sr-wiki/2022/12/04/75216984/3edccdaba07b07d8e4e6a25e5e814f50_910951456247864544.png",531,"其他材料","可在列车「信使」处兑换光锥 已逝时光的滞留后像，对流光忆庭来说非常珍贵。 「忆庭有自己的法则。以时间换时间，以记忆换记忆。若所支付代价足够，忆庭会将无可追挽的旧日光阴带到你的面前.......」","四星"
"1028","Material","炼形者雷枝","https://uploadstatic.mihoyo.com/sr-wiki/2022/12/04/75216984/dde96d2ca6cb1b3bf386591522864e9b_7742279560858678580.png",533,"角色晋阶材料","「药王秘传」炼形者遗下的枪尖木枝，雷属性角色的晋升素材。 按仙舟古籍记载，修道有成者能呼来雷霆，驭使巽风。「药王秘传」自诩仙道传人，以展现旧日仙迹为凭，暗中招募信众。这截木枝上雷电萦绕，似乎证明其所言非虚。 「凡胎皮相乃幻化，勘破我执方显真。」","三星"
"1034","Material","不完整的录音自动转译文档","https://uploadstatic.mihoyo.com/sr-wiki/2023/02/16/77234787/820ef5acc496c3481e27c4e481086b83_6685620798320221212.png",609,"任务道具","","三星"
"1035","Material","障碍判别终端的攻击记录","https://uploadstatic.mihoyo.com/sr-wiki/2023/02/16/77234787/820ef5acc496c3481e27c4e481086b83_5681606957000276255.png",610,"任务道具","","三星"
"1036","Material","科员们的留言便条","https://uploadstatic.mihoyo.com/sr-wiki/2023/02/16/77234787/820ef5acc496c3481e27c4e481086b83_7222369500756620672.png",611,"任务道具","","三星"
"1037","Material","空间站员工餐厅反馈记录表","https://uploadstatic.mihoyo.com/sr-wiki/2023/02/16/77234787/820ef5acc496c3481e27c4e481086b83_8693619898762628230.png",612,"任务道具","","三星"
"1038","Material","某位界种科科员的周记残页","https://uploadstatic.mihoyo.com/sr-wiki/2023/02/16/77234787/820ef5acc496c3481e27c4e481086b83_4360997466567781921.png",613,"任务道具","","三星"
"1039","Material","科员间的聊天记录","https://uploadstatic.mihoyo.com/sr-wiki/2023/02/16/77234787/820ef5acc496c3481e27c4e481086b83_1711080289147220706.png",614,"任务道具","","三星"
"1040","Material","约特伍德体是石头","https://uploadstatic.mihoyo.com/sr-wiki/2023/02/16/77234787/820ef5acc496c3481e27c4e481086b83_8242465492329415230.png",615,"任务道具","","三星"
"1041","Material","空间站介绍手册","https://uploadstatic.mihoyo.com/sr-wiki/2023/02/16/77234787/820ef5acc496c3481e27c4e481086b83_7517439077819173989.png",616,"任务道具","","三星"
"1042","Material","矿业机械订单列表","",617,"任务道具","","三星"
"1043","Material","《秘传：爆辣蓬蓬菇》","https://uploadstatic.mihoyo.com/sr-wiki/2023/02/16/77234787/820ef5acc496c3481e27c4e481086b83_2865727318352271849.png",618,"任务道具","","三星"
"1044","Material","大矿区生活守则","https://uploadstatic.mihoyo.com/sr-wiki/2023/02/16/77234787/820ef5acc496c3481e27c4e481086b83_8245413423051082223.png",619,"任务道具","","三星"
"1045","Material","给新手检修员的留言","https://uploadstatic.mihoyo.com/sr-wiki/2023/02/16/77234787/ee6967acaa3baaa8abe9b87b8c2be9a3_3465133331387908868.png",620,"任务道具","","三星"
"1046","Material","空间站体检事项公告","https://uploadstatic.mihoyo.com/sr-wiki/2023/02/16/77234787/820ef5acc496c3481e27c4e481086b83_7449390194633947899.png",621,"任务道具","","三星"
"1047","Material","维修科室的不传之秘","https://uploadstatic.mihoyo.com/sr-wiki/2023/02/16/77234787/820ef5acc496c3481e27c4e481086b83_2472899903768520757.png",622,"任务道具","","三星"
"1048","Material","【录音带】愚人戏：祸祖砺兵寻旧恨，愚人挥剑斩金身","https://uploadstatic.mihoyo.com/sr-wiki/2023/02/16/77234787/820ef5acc496c3481e27c4e481086b83_4809322367409609251.png",623,"任务道具","","三星"
"1049","Material","星域界种指要：约特伍德体","https://uploadstatic.mihoyo.com/sr-wiki/2023/02/16/77234787/820ef5acc496c3481e27c4e481086b83_5214188937935907758.png",625,"任务道具","","三星"
"1050","Material","银鬃铁卫宣誓词","https://uploadstatic.mihoyo.com/sr-wiki/2023/02/16/77234787/820ef5acc496c3481e27c4e481086b83_2780594485913504352.png",626,"任务道具","","三星"
"1051","Material","征友启事","https://uploadstatic.mihoyo.com/sr-wiki/2023/02/16/77234787/820ef5acc496c3481e27c4e481086b83_5637462853781923823.png",627,"任务道具","","三星"
"1052","Material","贝洛伯格学院期中测试卷","https://uploadstatic.mihoyo.com/sr-wiki/2023/02/16/77234787/820ef5acc496c3481e27c4e481086b83_6095608113228990801.png",628,"任务道具","","三星"
"1053","Material","《鼹鼠记》贝洛伯格古诗集","https://uploadstatic.mihoyo.com/sr-wiki/2023/02/16/77234787/820ef5acc496c3481e27c4e481086b83_4344062127810671695.png",629,"任务道具","","三星"
"1054","Material","星槎进出港报告管理办法","https://uploadstatic.mihoyo.com/sr-wiki/2023/02/16/77234787/820ef5acc496c3481e27c4e481086b83_5505773496839864013.png",630,"任务道具","","三星"
"1055","Material","回到未来","https://uploadstatic.mihoyo.com/sr-wiki/2023/02/16/77234787/820ef5acc496c3481e27c4e481086b83_3872892821030962036.png",631,"任务道具","","三星"
"1056","Material","化外民也能学会的地道仙舟俗语100句","https://uploadstatic.mihoyo.com/sr-wiki/2023/02/16/77234787/820ef5acc496c3481e27c4e481086b83_2869243711735104025.png",632,"任务道具","","三星"
"1057","Material","《「克拉拉保护协会」成员火热募集中》","https://uploadstatic.mihoyo.com/sr-wiki/2023/02/16/77234787/820ef5acc496c3481e27c4e481086b83_6147555599447002899.png",633,"任务道具","","三星"
"1058","Material","娜塔莎的名单","https://uploadstatic.mihoyo.com/sr-wiki/2023/02/16/77234787/820ef5acc496c3481e27c4e481086b83_74848733209624994.png",634,"任务道具","","三星"
"1059","Material","密密麻麻的日程","https://uploadstatic.mihoyo.com/sr-wiki/2023/02/16/77234787/820ef5acc496c3481e27c4e481086b83_6580966166660073669.png",635,"任务道具","","三星"
"1060","Material","军用机械例行检修记录表","https://uploadstatic.mihoyo.com/sr-wiki/2023/02/16/77234787/820ef5acc496c3481e27c4e481086b83_9109329836572706584.png",636,"任务道具","","三星"
"1061","Material","说唱大战投票通道开启","https://uploadstatic.mihoyo.com/sr-wiki/2023/02/16/77234787/820ef5acc496c3481e27c4e481086b83_1216537000975863756.png",637,"任务道具","","三星"
"1062","Material","《贝洛伯格的音乐家》","https://uploadstatic.mihoyo.com/sr-wiki/2023/02/16/77234787/820ef5acc496c3481e27c4e481086b83_2924777890177247026.png",638,"任务道具","","三星"
"1063","Material","未能寄出的家书","https://uploadstatic.mihoyo.com/sr-wiki/2023/02/16/77234787/820ef5acc496c3481e27c4e481086b83_375485079630665047.png",639,"任务道具","","三星"
"1064","Material","集会所的留言板","https://uploadstatic.mihoyo.com/sr-wiki/2023/02/16/77234787/820ef5acc496c3481e27c4e481086b83_8485701139328646304.png",640,"任务道具","","三星"
"1065","Material","记长乐天夜游","https://uploadstatic.mihoyo.com/sr-wiki/2023/02/16/77234787/820ef5acc496c3481e27c4e481086b83_4728186572297765558.png",641,"任务道具","","三星"
"1066","Material","生活物资需求征集","https://uploadstatic.mihoyo.com/sr-wiki/2023/02/16/77234787/820ef5acc496c3481e27c4e481086b83_7844409905033729822.png",642,"任务道具","","三星"
"1067","Material","支离破碎的日记","https://uploadstatic.mihoyo.com/sr-wiki/2023/02/16/77234787/820ef5acc496c3481e27c4e481086b83_862152452460856675.png",643,"任务道具","","三星"
"1068","Material","某个包裹上的附信","https://uploadstatic.mihoyo.com/sr-wiki/2023/02/16/77234787/820ef5acc496c3481e27c4e481086b83_3214029810745342530.png",644,"任务道具","","三星"
"1069","Material","穿过风雪的旅人","https://uploadstatic.mihoyo.com/sr-wiki/2023/02/16/77234787/ee6967acaa3baaa8abe9b87b8c2be9a3_4810580308792630203.png",645,"任务道具","","三星"
"1070","Material","逐梦者的信件","https://uploadstatic.mihoyo.com/sr-wiki/2023/02/16/77234787/820ef5acc496c3481e27c4e481086b83_7675463114112878159.png",646,"任务道具","","三星"
"1071","Material","「新•淬火工坊」开张！","https://uploadstatic.mihoyo.com/sr-wiki/2023/02/16/77234787/820ef5acc496c3481e27c4e481086b83_6234644793930333970.png",647,"任务道具","","三星"
"1072","Material","潮流品牌「郊外」","https://uploadstatic.mihoyo.com/sr-wiki/2023/02/16/77234787/820ef5acc496c3481e27c4e481086b83_2996126308222996316.png",648,"任务道具","","三星"
"1073","Material","某个民间科学家的日记","https://uploadstatic.mihoyo.com/sr-wiki/2023/02/16/77234787/820ef5acc496c3481e27c4e481086b83_3070323543776717107.png",649,"任务道具","","三星"
"1074","Material","倍润矿脂","https://uploadstatic.mihoyo.com/sr-wiki/2023/02/16/77234787/820ef5acc496c3481e27c4e481086b83_366328821003669217.png",650,"任务道具","","三星"
"1075","Material","《地底百科：植物和菌类》","https://uploadstatic.mihoyo.com/sr-wiki/2023/02/16/77234787/820ef5acc496c3481e27c4e481086b83_7095268989329002636.png",651,"任务道具","","三星"
"1076","Material","星域界种指要：呜呜伯","https://uploadstatic.mihoyo.com/sr-wiki/2023/02/16/77234787/820ef5acc496c3481e27c4e481086b83_8098276557450807342.png",652,"任务道具","","三星"
"1077","Material","辛-41云乡讯音","https://uploadstatic.mihoyo.com/sr-wiki/2023/02/16/77234787/820ef5acc496c3481e27c4e481086b83_4959995778045601071.png",653,"任务道具","","三星"
"1078","Material","科员荣仓终的日记","https://uploadstatic.mihoyo.com/sr-wiki/2023/02/16/77234787/820ef5acc496c3481e27c4e481086b83_421390065761712516.png",654,"任务道具","","三星"
"1079","Material","呜呜伯行为考","https://uploadstatic.mihoyo.com/sr-wiki/2023/02/16/77234787/820ef5acc496c3481e27c4e481086b83_6963646640380483011.png",655,"任务道具","","三星"
"1080","Material","一间好商铺，世代摇钱树","https://uploadstatic.mihoyo.com/sr-wiki/2023/02/16/77234787/820ef5acc496c3481e27c4e481086b83_478835841269477237.png",656,"任务道具","","三星"
"1081","Material","《矿工每周报》","https://uploadstatic.mihoyo.com/sr-wiki/2023/02/16/77234787/ee6967acaa3baaa8abe9b87b8c2be9a3_8252474560164466401.png",657,"任务道具","","三星"
"1082","Material","矿业机械采购单据","https://uploadstatic.mihoyo.com/sr-wiki/2023/02/16/77234787/820ef5acc496c3481e27c4e481086b83_441040365196694141.png",658,"任务道具","","三星"
"1083","Material","水晶日报的送审样稿","https://uploadstatic.mihoyo.com/sr-wiki/2023/02/16/77234787/820ef5acc496c3481e27c4e481086b83_347855748790687803.png",659,"任务道具","","三星"
"1084","Material","《歌德宾馆的夜与雾》","https://uploadstatic.mihoyo.com/sr-wiki/2023/02/16/77234787/820ef5acc496c3481e27c4e481086b83_870868053742364007.png",660,"任务道具","","三星"
"1085","Material","研究报告：约特伍德水晶体","https://uploadstatic.mihoyo.com/sr-wiki/2023/02/16/77234787/820ef5acc496c3481e27c4e481086b83_5547293267653524264.png",661,"任务道具","","三星"
"1086","Material","致「炉心」基地全体的一封信","https://uploadstatic.mihoyo.com/sr-wiki/2023/02/16/77234787/820ef5acc496c3481e27c4e481086b83_1031829022406962416.png",662,"任务道具","","三星"
"1087","Material","小朋友（已黑化）的观察日记","https://uploadstatic.mihoyo.com/sr-wiki/2023/02/16/77234787/820ef5acc496c3481e27c4e481086b83_5350827602178741943.png",663,"任务道具","","三星"
"1088","Material","轻雨浥尘","https://uploadstatic.mihoyo.com/sr-wiki/2023/02/16/77234787/820ef5acc496c3481e27c4e481086b83_7170111652915486804.png",664,"任务道具","","三星"
"1089","Material","在广场干道增设路障的通知","https://uploadstatic.mihoyo.com/sr-wiki/2023/02/16/77234787/820ef5acc496c3481e27c4e481086b83_6952077510593693603.png",665,"任务道具","","三星"
"1090","Material","宝石蜥肉串食谱","https://uploadstatic.mihoyo.com/sr-wiki/2023/02/16/77234787/ee6967acaa3baaa8abe9b87b8c2be9a3_9212813203466061797.png",666,"任务道具","","三星"
"1091","Material","「矿灯」古代遗物鉴定录","https://uploadstatic.mihoyo.com/sr-wiki/2023/02/16/77234787/820ef5acc496c3481e27c4e481086b83_1625138680641846319.png",667,"任务道具","","三星"
"1092","Material","《铁卫禁区近况汇总及相关意见》","https://uploadstatic.mihoyo.com/sr-wiki/2023/02/16/77234787/820ef5acc496c3481e27c4e481086b83_735059822193493766.png",668,"任务道具","","三星"
"1093","Material","歌德宾馆下午茶餐单","https://uploadstatic.mihoyo.com/sr-wiki/2023/02/16/77234787/820ef5acc496c3481e27c4e481086b83_3306889492783811931.png",669,"任务道具","","三星"
"1094","Material","贝洛伯格七大不思议","",670,"任务道具","","三星"
"1095","Material","裂界来电","https://uploadstatic.mihoyo.com/sr-wiki/2023/02/16/77234787/820ef5acc496c3481e27c4e481086b83_1488670098612075784.png",671,"任务道具","","三星"
"1096","Material","「矿灯」巴列维的告顾客信","",677,"任务道具","","三星"
"1097","Material","黑塔债券","https://uploadstatic.mihoyo.com/sr-wiki/2023/03/14/190590294/a073736ea9817fe33f58dfed79cb583f_580934579223315822.png",689,"其他材料","「模拟宇宙」奖励，可在黑塔的商店中用它购买物品。","四星"
"1098","Material","启行的祝福","https://uploadstatic.mihoyo.com/sr-wiki/2023/03/14/190590294/1ed1a1c33ea2f4787081361f1eee26d2_7417774324284828661.png",690,"其他材料","献予启行之人的祝福 愿你拥抱寰宇，向无垠星海致以初程的问候愿你跨越风雪，于凛冬末梢点燃不熄的烈火你在此间的行迹，终将成为群星闪耀的旅途","五星"
"1099","Material","遗器残骸","https://uploadstatic.mihoyo.com/sr-wiki/2023/03/14/190590294/cdde4fdbf5f3465fe5d05074fab7cdff_3801687954559621925.png",691,"消耗品","遗器分解所获得的产物。 遗器破裂的部件，只差一步就要重新降解成光尘飞散在裂界里了。 「不要小看这些破烂，我能让它们复原如初。」","五星"
"1100","Material","琼实鸟串","https://uploadstatic.mihoyo.com/sr-wiki/2023/04/18/75216984/1a8426e234bc5eb3412ee8b731f1ece6_6305380607788856272.png",821,"消耗品","琼实鸟与植物共生，尾部挂着累累硕果。 「琼实鸟串」就是果物串串，制作过程中并没有琼实鸟受到伤害。 「那...这算荤还是算素？」","一星"
"1101","Material","貘馍卷","https://uploadstatic.mihoyo.com/sr-wiki/2023/04/18/75216984/c11a0e6f85583ba489cbcc48df252ece_3130881517303350068.png",822,"消耗品","可爱到令人不忍下口的蛋糕卷。 得名于蛋糕卷上类似梦貘皮毛的漂亮纹络。 「好可爱！好像梦貘！」 「其实就是用梦貘做的。」 「？？？」","一星"
"1102","Material","热浮羊奶","https://uploadstatic.mihoyo.com/sr-wiki/2023/04/18/75216984/28160f5c610c2dc42c6c0c2cad748bcf_374672789441971658.png",823,"消耗品","仙舟联盟的特产浮羊奶，也叫晴柔奶。难以保存，所以很难在域外品尝到。 加热后不用加糖也很甜,但放凉后会发苦，必须趁热喝。 「据《浮生》杂志报道，景元将军每早都要喝一大碗刚挤出来的浮羊奶。神策府方面对此予以否认。」","二星"
"1103","Material","鸣藕糕","https://uploadstatic.mihoyo.com/sr-wiki/2023/04/18/75216984/b6655d4a4ae98ca438f13316509016e4_6597314292251290778.png",824,"消耗品","罗浮经典小吃,由鸣藕制成的糕点。 一口咬下去，会发出清脆的笑声。偶有罗浮的老饕用它捉弄外乡人。 「吓老子一跳！」","二星"
"1104","Material","鳞渊冰泉","https://uploadstatic.mihoyo.com/sr-wiki/2023/04/18/75216984/3766b6c24d370ba9dedd843087cd1cd3_2881876889253367867.png",825,"消耗品","产自鳞渊境的天然饮用水。 没写0卡，看起来是真的0卡，但热量极高。 「如泉水般无色无味，却又如奶茶般高糖高脂，最大限度减少您摄入卡路里时的罪恶感。」","二星"
"1105","Material","苏打豆汁儿","https://uploadstatic.mihoyo.com/sr-wiki/2023/04/18/75216984/61fcfa330b182db0018eab9560f3cbed_7689336727456311002.png",826,"消耗品","由豆制品发酵而成，酸臭刺鼻，清凉爽口。 如果能面不改色地喝下一大瓶，一定会获得罗浮老饕们的认可吧。 「这东西叫『苏打豆汁儿』！不叫『苏打豆汁』! 」","二星"
"1190","Material","换境树叶","https://uploadstatic.mihoyo.com/sr-wiki/2022/12/06/75216984/43fbafe500eca5974b4e4425e3b0a26f_4451812418808386431.png",558,"合成材料","拜三颗卫星所赐，阿丽万塔星球的引⼒以波德函数的形式时刻发⽣变化。寻常⽣ 命⼏乎⽆法在这颗星球⽣存，因此它最终发展出了阿丽万塔特⾊的⽣态系统。其 中最有名的是⼀种可以⼊药的植物，叫换境树。 换境树的落叶期总是来得很晚，因为对引⼒时常变化的世界来说，叶⼦如何平稳 地落在古⽼、踏实的地⾯是头等艰难之事。为了顺利达成这⼀⽬标，换境树演化 出了极其细微的空间翘曲能⼒:每当换境树叶飘飘下落，它就会以凡⼈⾁眼⽆法观 测的频率，反复向着地⾯进⾏距离极短的跃迁。即使如此，也不是每⼀⽚换境树 叶都能成功着陆。那些顺利落地的叶⼦放松地贴住磐⽯⼤地，望着同伴⻜向⾼ 空，并在⼤⽓层中燃烧成跃迁的灰。 「哇。」","4星"
"1191","Material","火之翎","https://uploadstatic.mihoyo.com/sr-wiki/2022/12/06/75216984/131767c862e4aa358e6cc86104ac0d0f_6145775502538225471.png",494,"合成材料","温热的⿊⾊绒⽻，就像从⽕中取出的余烬，边⻆还有微弱的⽕光。 轻轻扇动它，空⽓中便有⽕星⻜溅。 「在宇宙中，到处都流传着⽕之⻦的传说......」","2星"
"1192","Material","丰饶香涎","https://uploadstatic.mihoyo.com/sr-wiki/2022/12/06/75216984/4056d55ead11fd6376a04b5dca3b5ec5_2692759695111883679.png",540,"合成材料","仿佛具有丰饶⼒量的凝胶物体。 结实、柔软、散发淡淡⾹⽓，仅仅触摸着它，你就会觉得⼼⽣希望。 不要去查⾹涎的其它释义。 「得永寿故。得丰饶故。灭⼀切厄业病痛故。」","3星"
"1193","Material","零件","https://uploadstatic.mihoyo.com/sr-wiki/2022/12/06/75216984/21c0ed4dbd71873940b3947d5cace60f_4500574546808348855.png",118,"合成材料","机械的重要组成部分，造型奇妙，⽬的性很强。 是⼈类⼀切发明创造的基⽯。 「同样的零件，螺丝咕姆能造出⼀整颗星球和机械⽣命体，你只能给我⼀只每天 慢7秒的⼿表。」 「7秒已经⾮常好了!差⼀点点就符合天⽂台标准了!」","2星"
"1194","Material","哀荣泣石","https://uploadstatic.mihoyo.com/sr-wiki/2022/12/06/75216984/e0776823ccbc81e575dccd230cb32119_1435734852595945079.png",487,"合成材料","「悲悼伶⼈」驾驭横渡群星的贡多拉，去往死寂空旷的世界，为坍塌崩毁的⽂明 与逝者们献唱哀悼挽歌。末⽇战场的遗址已⽆看客听众，但业成灰烬的世界如同 饱经痛苦的珠⺟，孕结出悲伤的珍珠。往⽇的幽灵凝作⾬云，降下了这种泪滴般 的结晶。伶⼈将细⼩的泣⽯握在⼿中，⽂明鼎盛之时的种种辉煌便⼊梦⽽来—— 神裔般光彩照⼈的英雄，⼭脉般遮天蔽⽇的⻜舰，星星的低沉哀恸,还有⼤敌的怒 吼。于⼀个个⽆声的梦中，「悲悼伶⼈」辗转反侧。 「梦中的⼀切欢愉，都让我痛彻⼼扉。」","4星"
"1195","Material","迷思绳结","https://uploadstatic.mihoyo.com/sr-wiki/2022/12/06/75216984/e35fb0dca20e30d749fc76c7d9a6e633_3053661922893633654.png",485,"合成材料","为了让「迷思」的神启更加神秘，「虚构史学家」们创造了迷思绳结。这些不断 变化的缠结引申出纠结难明的谣⾔、秘闻、传说与神话，⽽史学家们则将这些信 息混⼊确定的、死板的历史记录中，旨在为全宇宙带来⼀个不确定的未来——按 照「虚构史学家」的观点：历史的发展受限于观测者⼼中潜藏的「叙事动⼒」， 若能混绢历史，宇宙将被「不确定性的迷雾」所笼罩，从⽽逃避原本清晰可⻅的 终末毁灭。 「预测未来的是骗⼦；占⼘未来的是先知。」","4星"
"1196","Material","相位灵火","https://uploadstatic.mihoyo.com/sr-wiki/2022/12/06/75216984/d36e937a80d72996b83b5301f94914e5_1240987286765958103.png",127,"合成材料","以⼈类的尺度⽽⾔，天才俱乐部#29丝丝喀尔只活了短暂的⼆⼗九天;但她在短暂 蛛⽣中的发明创造，却将整个蜘蛛⽂明的发展加速了数千年。在其成果中，最为 世⼈熟知的⽆疑是「 相位变换」技术。 但少为⼈知的是：这种技术⾸先被⽤于离⼦实验;丝丝喀尔成功创造出了「相位灵 ⽕」，紧接着它就变换到了另⼀个相位。等灵⽕回到丝丝喀尔的相位时，这位受 ⼈尊敬的天才蜘蛛已经寿终正寝，⽆法将之捉拿捕获了。于是，相位灵⽕就这样 不断变换相位，燃烧诸界，在各处留下⽕焰的后裔。 「丝丝喀尔..她是位了不起的天才，聪明，善良，⽽且谦卑。她在⽣命的最后⼀ 天还在向俱乐部的成员提问，那是⼀个⾄今没有⼈能够解答的问题。」","4星"
"1197","Material","巡猎石","https://uploadstatic.mihoyo.com/sr-wiki/2022/12/06/75216984/1f38e8cd3a26d9d621659f53a77cdffd_4548691886698899479.png",559,"合成材料","仿佛具有巡猎⼒量的⼩⽯⼦。 它似乎受到某种使命的牵引，持续向某个⽅向缓缓移⾏。 你在想它不就是磁铁吗？不，它不是。 「⽮之所向即吾⾏。」","3星"
"1198","Material","同谐粘液","https://uploadstatic.mihoyo.com/sr-wiki/2022/12/06/75216984/a46d803273f84e053dbde24b0607cc95_8813110771972881227.png",557,"合成材料","仿佛具有同谐⼒量的圆环。 这个圆环只有⼀个⾯，⽆论从哪⾥出发，都注定⽆法抵达终点。 美中不⾜的是它黏黏的，仿佛不舍得放你离开。 「世⼈同袍，万物同根，赐福之⻛拂⼤地！」","3星"
"1199","Material","智识树皮","https://uploadstatic.mihoyo.com/sr-wiki/2022/12/06/75216984/ea678265d0367e0579ef3d26b730f141_3468243934617690615.png",488,"合成材料","仿佛具有智识⼒量的⼲燥树⽪。 它的皱褶诉说着岁⽉的沉淀与⼤地的智慧。变成纸浆后，它还能诉说更多。 「⼈类的⼀切智慧就包含在这两个字中。」","3星"
"1200","Material","虚无硬片","https://uploadstatic.mihoyo.com/sr-wiki/2022/12/06/75216984/9477ea9b4697bb905b132f996fa46bb8_6425135334647975922.png",448,"合成材料","仿佛具有虚⽆⼒量的铁⽚。 它似乎曾经是⼀枚硬币，拥有过经济学上的价值。 但显然价值已经随着花纹的磨损⽽化作虚⽆了。 「我不知道写这句引⾔是为什么，我不知道编这个物品介绍是为什么，我的⼈⽣ 毫⽆意义，这段⽂案也⼀个德性。」","3星"
"1201","Material","存护筑材","https://uploadstatic.mihoyo.com/sr-wiki/2022/12/06/75216984/2ac28b117ae8d89b83719d7a2495e191_2058723607959554305.png",133,"合成材料","仿佛具有存护⼒量的筑材。 与⽔相合则成浆体，与空⽓接触则硬化为固态。 请不要尝试将它与固态净⽔合成。 「我们研究了伟⼤的琥珀王⽤于铸造亚空晶壁的材料，很遗憾，博识学会⽬前还 ⽆法解析其成分。」 「反正肯定不是⽔泥——对吧，塔拉梵？」","3星"
"1202","Material","毁灭异质","https://uploadstatic.mihoyo.com/sr-wiki/2022/12/06/75216984/4310cc02993a6dece4396a97b039393c_775787723400418603.png",117,"合成材料","仿佛具有毁灭⼒量的奇怪物质。 似⽕⼜⾮⽕，不凉也不烫，但会破坏接触时间超过12秒的其它物质。 有可能是反物质军团版本的垃圾，对此你不确定。 「所有接受了纳努克直接赐福的⽣物，都会扭曲其形貌。」","3星"
"1203","Material","冰之芯","https://uploadstatic.mihoyo.com/sr-wiki/2022/12/06/75216984/3b042f3caff7ec3b29a96ff4f8e54db0_8141600710612487730.png",493,"合成材料","⾃星空坠落的碎冰。 从特殊封存的容器拿出时，低温凝结的⽔汽就像冬⽇⾥的叹息。 「将雪花放⼤100倍，欣赏⼤⾃然的⻤斧神⼯。」","2星"
"1204","Material","虚数残叶","https://uploadstatic.mihoyo.com/sr-wiki/2022/12/06/75216984/6bfcc7f5da17f7bf4066c79fea21bf5b_7570824408286986119.png",486,"合成材料","不知从何处坠落的残叶。 它不属于任何植物，⽽是某种更抽象之物的化身。 古⽼的光如同树液浸润叶脉，昭示着虽已消逝，却依旧残存的⼒量。 「⼀叶⼀世界。」","2星"
"1205","Material","量子涟漪","https://uploadstatic.mihoyo.com/sr-wiki/2022/08/15/140871297/d115e867b204c757b308550affab2cf7_1725718585602746618.png",484,"合成材料","⼀泓⾃真空之海中泛起的涟漪。 名为涟漪，却是万物存在中最基础的能量涨落现象。 「时间，有这么多的时间。」 「有所有的时间。」","2星"
"1206","Material","陨铁","https://uploadstatic.mihoyo.com/sr-wiki/2022/12/06/75216984/918086f8c0d06a22e1465003e158528d_7062701638191932700.png",475,"合成材料","坚硬的陨星铁砂。 这些天外之物之强固⾜以断碎磐岩。 「多挖⼀点，能带多少带多少，克⾥珀会需要它们的。」 「星神需不需要我不晓得，我只知道公司愿意出⼤价钱。」","2星"
"1207","Material","风之旋","https://uploadstatic.mihoyo.com/sr-wiki/2022/12/06/75216984/1db235ee8c72b1ebb62d34564e569e47_6685243483193443701.png",474,"合成材料","⻛眼静滞不动。即使在真空环境中，⽓旋之中的⻜砾依旧不停转着。 「瞧，不论在哪⼉，它都在旋转。它从不停歇，永不停歇——这有让你想到什么 吗? 」 「开拓！」 「...说得对，帕姆。所以我们约定了：你我的开拓之旅永不停歇。」","2星"
"1208","Material","雷之眼","https://uploadstatic.mihoyo.com/sr-wiki/2022/12/06/75216984/cdbe051c0f19257acbf7175f1e00f5c2_5608524849097979380.png",473,"合成材料","捕捉雷光制作⽽成的电球。 若有导体破坏了它的平衡，⽴时就会释放出球状闪电。 「某个天才曾试着利⽤雷之眼寻找外星⼈， 后来博识尊瞥了她⼀眼。不知道哪 个更幸福：是被博识尊注意呢？还是她真的找到了外星⼈。」","2星"
"1209","Material","蛋白米","https://uploadstatic.mihoyo.com/sr-wiki/2022/12/06/75216984/fe6dc90fb9790ef4d74f3b1932c14533_8088298776972145874.png",107,"合成材料","⼤⾃然对⽂明的馈赠，⼈类的好朋友，⽣命的拯救者。 这⽶粒有着蛋⽩般的润泽和蛋⽩般的⼝感，同时富含蛋⽩质。 「粒粒皆⾟苦。」","2星"
"1210","Material","虚粒子","https://uploadstatic.mihoyo.com/sr-wiki/2022/12/06/75216984/407d7fa1d735a2cffcaf3401f4eba2df_844885601037213742.png",99,"合成材料","在宇宙中普遍存在但理论上观测不到的微⼩粒⼦。 但科学家⾮常擅⻓把理论转化为现实。 「我有⼀个虚粒⼦，我有⼀个虚反粒⼦，怎么把它变成实粒⼦和实反粒⼦呢?注 意看我的⼿势... 」","2星"
"1211","Material","气态流体","https://uploadstatic.mihoyo.com/sr-wiki/2023/03/14/190590294/bd53a7fbb0baf7f5e399ed646a8733af_4572986680467036162.png",527,"合成材料","像雾，像⾬，⼜像⻛。不打开瓶盖，你不知道它跑了没有。 「答案，我的朋友，在⽓态流体中飘荡 答案在⽓态流体中飘荡」","1星"
"1212","Material","燃素","https://uploadstatic.mihoyo.com/sr-wiki/2022/12/06/75216984/7c562ad7b8b243cda391fe4527dd566d_7952465737193820272.png",495,"合成材料","构成灵⽕的微粒。 天才俱乐部#2哈那德·庞奇证明其存在，#3纽尔·伊曼证明其不存在。 后由#7柏环再次证明其存在，数⽇后其死于#4波尔卡·卡卡⽬之⼿。 「燃素到底存不存在...说实话，我们不⼤想知道。」","1星"
"1213","Material","金属","https://uploadstatic.mihoyo.com/sr-wiki/2022/12/04/75216984/41254ec00efb1bbc1d0b93f94aefe687_5805533582895123780.png",476,"合成材料","⼴泛存在于地壳和海洋中的物质。 ⽤途很多，⽤处很⼤。 「我曾去过⼀个世界，那⾥的⼈摄⼊⾦属以获得超能⼒。请注意，绝对不能模仿 这⼀⾏为，就⼈体⽽⾔，多数⾦属是不能⻝⽤的。」","1星"
"1214","Material","种子","https://uploadstatic.mihoyo.com/sr-wiki/2022/12/06/75216984/4bb1fd710393458d71171d2ffa8965a3_4073759840128228554.png",442,"合成材料","植物特有的繁殖体。 多数是⽣命的象征，少数很好吃。 「春种⼀粒粟，秋收万颗⼦。」","1星"
"1215","Material","基本食材","https://uploadstatic.mihoyo.com/sr-wiki/2022/12/06/75216984/7ce68284565b3a0b6f5cecd21c00b56a_3129668969025187348.png",120,"合成材料","能吃但不好吃的东⻄，⼀般称之为⻝材。 能够满⾜最基本的果腹需要。 「能吃吗？好吃吗？怎么吃？」","1星"
"1216","Material","固态净水","https://uploadstatic.mihoyo.com/sr-wiki/2022/12/06/75216984/924610c375fb9add6d95f87c45807194_6987654116995817845.png",110,"合成材料","由氢和氧两种元素组成的化合物，碳基⽣物的⽣命之源。 保持固态是为了⽅便携带。 「...这不就是冰？」 「不不不， 冰是冰，这是纯净的⽔， 只不过它是固态。」 「...那不就是冰？」","1星"
"1217","Material","垃圾","https://uploadstatic.mihoyo.com/sr-wiki/2022/08/26/214441058/bb654c85c2371f53fdead58bc273875e_9026372150107058232.png",108,"合成材料","毫⽆价值的东⻄。 建议你在身上留⼀块。 「据说在银河的某处，身上带着垃圾，就能打开⼀道看不⻅的传送⻔。」","1星"